,date,time,comp,round,day,venue,result,gf,ga,opponent,xg,xga,poss,attendance,captain,formation,opp formation,referee,match report,notes,team
0,2024-08-17,12:30,Premier League,Matchweek 1,Sat,Away,W,2.0,0.0,Ipswich Town,2.6,0.5,62.0,30014.0,Virgil van Dijk,4-2-3-1,4-2-3-1,Tim Robinson,Match Report,,Liverpool
1,2024-08-25,16:30,Premier League,Matchweek 2,Sun,Home,W,2.0,0.0,Brentford,2.5,0.5,62.0,60017.0,Virgil van Dijk,4-2-3-1,4-4-2,Stuart Attwell,Match Report,,Liverpool
2,2024-09-01,16:00,Premier League,Matchweek 3,Sun,Away,W,3.0,0.0,Manchester Utd,1.8,1.4,47.0,73738.0,Virgil van Dijk,4-2-3-1,4-2-3-1,Anthony Taylor,Match Report,,Liverpool
3,2024-09-14,15:00,Premier League,Matchweek 4,Sat,Home,L,0.0,1.0,Nott'ham Forest,0.9,0.4,68.0,60344.0,Virgil van Dijk,4-2-3-1,4-2-3-1,Michael Oliver,Match Report,,Liverpool
5,2024-09-21,15:00,Premier League,Matchweek 5,Sat,Home,W,3.0,0.0,Bournemouth,2.0,1.1,58.0,60347.0,Virgil van Dijk,4-2-3-1,4-2-3-1,Tony Harrington,Match Report,,Liverpool
7,2024-09-28,17:30,Premier League,Matchweek 6,Sat,Away,W,2.0,1.0,Wolves,2.5,0.6,55.0,31413.0,Virgil van Dijk,4-2-3-1,4-1-4-1,Anthony Taylor,Match Report,,Liverpool
9,2024-10-05,12:30,Premier League,Matchweek 7,Sat,Away,W,1.0,0.0,Crystal Palace,1.4,0.6,68.0,25185.0,Virgil van Dijk,4-2-3-1,3-4-3,Simon Hooper,Match Report,,Liverpool
10,2024-10-20,16:30,Premier League,Matchweek 8,Sun,Home,W,2.0,1.0,Chelsea,1.9,1.0,43.0,60277.0,Virgil van Dijk,4-2-3-1,4-2-3-1,John Brooks,Match Report,,Liverpool
12,2024-10-27,16:30,Premier League,Matchweek 9,Sun,Away,,,,Arsenal,,,,,,,,,Head-to-Head,,Liverpool
14,2024-11-02,15:00,Premier League,Matchweek 10,Sat,Home,,,,Brighton,,,,,,,,,Head-to-Head,,Liverpool
16,2024-11-09,20:00,Premier League,Matchweek 11,Sat,Home,,,,Aston Villa,,,,,,,,,Head-to-Head,,Liverpool
17,2024-11-24,14:00,Premier League,Matchweek 12,Sun,Away,,,,Southampton,,,,,,,,,Head-to-Head,,Liverpool
19,2024-12-01,16:00,Premier League,Matchweek 13,Sun,Home,,,,Manchester City,,,,,,,,,Head-to-Head,,Liverpool
20,2024-12-04,19:30,Premier League,Matchweek 14,Wed,Away,,,,Newcastle Utd,,,,,,,,,Head-to-Head,,Liverpool
21,2024-12-07,12:30,Premier League,Matchweek 15,Sat,Away,,,,Everton,,,,,,,,,Head-to-Head,,Liverpool
23,2024-12-14,15:00,Premier League,Matchweek 16,Sat,Home,,,,Fulham,,,,,,,,,Head-to-Head,,Liverpool
24,2024-12-22,16:30,Premier League,Matchweek 17,Sun,Away,,,,Tottenham,,,,,,,,,Head-to-Head,,Liverpool
25,2024-12-26,20:00,Premier League,Matchweek 18,Thu,Home,,,,Leicester City,,,,,,,,,Head-to-Head,,Liverpool
26,2024-12-29,17:15,Premier League,Matchweek 19,Sun,Away,,,,West Ham,,,,,,,,,Head-to-Head,,Liverpool
27,2025-01-05,16:30,Premier League,Matchweek 20,Sun,Home,,,,Manchester Utd,,,,,,,,,Head-to-Head,,Liverpool
28,2025-01-14,20:00,Premier League,Matchweek 21,Tue,Away,,,,Nott'ham Forest,,,,,,,,,Head-to-Head,,Liverpool
29,2025-01-18,15:00,Premier League,Matchweek 22,Sat,Away,,,,Brentford,,,,,,,,,Head-to-Head,,Liverpool
31,2025-01-25,15:00,Premier League,Matchweek 23,Sat,Home,,,,Ipswich Town,,,,,,,,,Head-to-Head,,Liverpool
33,2025-02-01,15:00,Premier League,Matchweek 24,Sat,Away,,,,Bournemouth,,,,,,,,,Head-to-Head,,Liverpool
34,2025-02-15,15:00,Premier League,Matchweek 25,Sat,Home,,,,Wolves,,,,,,,,,Head-to-Head,,Liverpool
35,2025-02-22,15:00,Premier League,Matchweek 26,Sat,Away,,,,Manchester City,,,,,,,,,Head-to-Head,,Liverpool
36,2025-02-26,20:00,Premier League,Matchweek 27,Wed,Home,,,,Newcastle Utd,,,,,,,,,Head-to-Head,,Liverpool
37,2025-03-08,15:00,Premier League,Matchweek 28,Sat,Home,,,,Southampton,,,,,,,,,Head-to-Head,,Liverpool
38,2025-03-15,15:00,Premier League,Matchweek 29,Sat,Away,,,,Aston Villa,,,,,,,,,Head-to-Head,,Liverpool
39,2025-04-02,20:00,Premier League,Matchweek 30,Wed,Home,,,,Everton,,,,,,,,,Head-to-Head,,Liverpool
40,2025-04-05,15:00,Premier League,Matchweek 31,Sat,Away,,,,Fulham,,,,,,,,,Head-to-Head,,Liverpool
41,2025-04-12,15:00,Premier League,Matchweek 32,Sat,Home,,,,West Ham,,,,,,,,,Head-to-Head,,Liverpool
42,2025-04-19,15:00,Premier League,Matchweek 33,Sat,Away,,,,Leicester City,,,,,,,,,Head-to-Head,,Liverpool
43,2025-04-26,15:00,Premier League,Matchweek 34,Sat,Home,,,,Tottenham,,,,,,,,,Head-to-Head,,Liverpool
44,2025-05-03,15:00,Premier League,Matchweek 35,Sat,Away,,,,Chelsea,,,,,,,,,Head-to-Head,,Liverpool
45,2025-05-10,15:00,Premier League,Matchweek 36,Sat,Home,,,,Arsenal,,,,,,,,,Head-to-Head,,Liverpool
46,2025-05-18,15:00,Premier League,Matchweek 37,Sun,Away,,,,Brighton,,,,,,,,,Head-to-Head,,Liverpool
47,2025-05-25,16:00,Premier League,Matchweek 38,Sun,Home,,,,Crystal Palace,,,,,,,,,Head-to-Head,,Liverpool
1,2024-08-18,16:30,Premier League,Matchweek 1,Sun,Away,W,2,0,Chelsea,0.8,1.0,52.0,39818.0,Kevin De Bruyne,3-2-4-1,4-2-3-1,Anthony Taylor,Match Report,,Manchester City
2,2024-08-24,15:00,Premier League,Matchweek 2,Sat,Home,W,4,1,Ipswich Town,3.3,0.3,75.0,53147.0,Kevin De Bruyne,3-2-4-1,5-4-1,Samuel Allison,Match Report,,Manchester City
3,2024-08-31,17:30,Premier League,Matchweek 3,Sat,Away,W,3,1,West Ham,3.0,0.7,67.0,62469.0,Kevin De Bruyne,3-2-4-1,4-2-3-1,Michael Oliver,Match Report,,Manchester City
4,2024-09-14,15:00,Premier League,Matchweek 4,Sat,Home,W,2,1,Brentford,2.1,1.0,54.0,52148.0,Kyle Walker,4-2-3-1,5-3-2,Darren Bond,Match Report,,Manchester City
6,2024-09-22,16:30,Premier League,Matchweek 5,Sun,Home,D,2,2,Arsenal,2.1,0.7,77.0,52846.0,Kyle Walker,4-3-3,4-4-2,Michael Oliver,Match Report,,Manchester City
8,2024-09-28,12:30,Premier League,Matchweek 6,Sat,Away,D,1,1,Newcastle Utd,0.9,1.6,62.0,52248.0,Kyle Walker,4-2-3-1,4-3-3,Jarred Gillett,Match Report,,Manchester City
10,2024-10-05,15:00,Premier League,Matchweek 7,Sat,Home,W,3,2,Fulham,1.6,2.6,58.0,53017.0,Rúben Dias,4-1-4-1,5-4-1,Peter Bankes,Match Report,,Manchester City
11,2024-10-20,14:00,Premier League,Matchweek 8,Sun,Away,W,2,1,Wolves,1.6,0.8,77.0,31319.0,Rúben Dias,4-1-4-1,3-5-2,Chris Kavanagh,Match Report,,Manchester City
13,2024-10-26,15:00,Premier League,Matchweek 9,Sat,Home,,,,Southampton,,,,,,,,,Head-to-Head,,Manchester City
15,2024-11-02,15:00,Premier League,Matchweek 10,Sat,Away,,,,Bournemouth,,,,,,,,,Head-to-Head,,Manchester City
17,2024-11-09,17:30,Premier League,Matchweek 11,Sat,Away,,,,Brighton,,,,,,,,,Head-to-Head,,Manchester City
18,2024-11-23,17:30,Premier League,Matchweek 12,Sat,Home,,,,Tottenham,,,,,,,,,Head-to-Head,,Manchester City
20,2024-12-01,16:00,Premier League,Matchweek 13,Sun,Away,,,,Liverpool,,,,,,,,,Head-to-Head,,Manchester City
21,2024-12-04,19:30,Premier League,Matchweek 14,Wed,Home,,,,Nott'ham Forest,,,,,,,,,Head-to-Head,,Manchester City
22,2024-12-07,15:00,Premier League,Matchweek 15,Sat,Away,,,,Crystal Palace,,,,,,,,,Head-to-Head,,Manchester City
24,2024-12-15,16:30,Premier League,Matchweek 16,Sun,Home,,,,Manchester Utd,,,,,,,,,Head-to-Head,,Manchester City
25,2024-12-21,12:30,Premier League,Matchweek 17,Sat,Away,,,,Aston Villa,,,,,,,,,Head-to-Head,,Manchester City
26,2024-12-26,12:30,Premier League,Matchweek 18,Thu,Home,,,,Everton,,,,,,,,,Head-to-Head,,Manchester City
27,2024-12-29,14:30,Premier League,Matchweek 19,Sun,Away,,,,Leicester City,,,,,,,,,Head-to-Head,,Manchester City
28,2025-01-04,15:00,Premier League,Matchweek 20,Sat,Home,,,,West Ham,,,,,,,,,Head-to-Head,,Manchester City
29,2025-01-14,19:30,Premier League,Matchweek 21,Tue,Away,,,,Brentford,,,,,,,,,Head-to-Head,,Manchester City
30,2025-01-19,16:30,Premier League,Matchweek 22,Sun,Away,,,,Ipswich Town,,,,,,,,,Head-to-Head,,Manchester City
32,2025-01-25,17:30,Premier League,Matchweek 23,Sat,Home,,,,Chelsea,,,,,,,,,Head-to-Head,,Manchester City
34,2025-02-01,15:00,Premier League,Matchweek 24,Sat,Away,,,,Arsenal,,,,,,,,,Head-to-Head,,Manchester City
35,2025-02-15,15:00,Premier League,Matchweek 25,Sat,Home,,,,Newcastle Utd,,,,,,,,,Head-to-Head,,Manchester City
36,2025-02-22,15:00,Premier League,Matchweek 26,Sat,Home,,,,Liverpool,,,,,,,,,Head-to-Head,,Manchester City
37,2025-02-25,19:45,Premier League,Matchweek 27,Tue,Away,,,,Tottenham,,,,,,,,,Head-to-Head,,Manchester City
38,2025-03-08,15:00,Premier League,Matchweek 28,Sat,Away,,,,Nott'ham Forest,,,,,,,,,Head-to-Head,,Manchester City
39,2025-03-15,15:00,Premier League,Matchweek 29,Sat,Home,,,,Brighton,,,,,,,,,Head-to-Head,,Manchester City
40,2025-04-02,19:45,Premier League,Matchweek 30,Wed,Home,,,,Leicester City,,,,,,,,,Head-to-Head,,Manchester City
41,2025-04-05,15:00,Premier League,Matchweek 31,Sat,Away,,,,Manchester Utd,,,,,,,,,Head-to-Head,,Manchester City
42,2025-04-12,15:00,Premier League,Matchweek 32,Sat,Home,,,,Crystal Palace,,,,,,,,,Head-to-Head,,Manchester City
43,2025-04-19,15:00,Premier League,Matchweek 33,Sat,Away,,,,Everton,,,,,,,,,Head-to-Head,,Manchester City
44,2025-04-26,15:00,Premier League,Matchweek 34,Sat,Home,,,,Aston Villa,,,,,,,,,Head-to-Head,,Manchester City
45,2025-05-03,15:00,Premier League,Matchweek 35,Sat,Home,,,,Wolves,,,,,,,,,Head-to-Head,,Manchester City
46,2025-05-10,15:00,Premier League,Matchweek 36,Sat,Away,,,,Southampton,,,,,,,,,Head-to-Head,,Manchester City
47,2025-05-18,15:00,Premier League,Matchweek 37,Sun,Home,,,,Bournemouth,,,,,,,,,Head-to-Head,,Manchester City
48,2025-05-25,16:00,Premier League,Matchweek 38,Sun,Away,,,,Fulham,,,,,,,,,Head-to-Head,,Manchester City
0,2024-08-17,15:00,Premier League,Matchweek 1,Sat,Home,W,2.0,0.0,Wolves,1.2,0.5,53.0,60261.0,Martin Ødegaard,4-3-3,4-2-3-1,Jarred Gillett,Match Report,,Arsenal
1,2024-08-24,17:30,Premier League,Matchweek 2,Sat,Away,W,2.0,0.0,Aston Villa,0.9,1.2,60.0,41587.0,Martin Ødegaard,4-3-3,4-4-2,Michael Oliver,Match Report,,Arsenal
2,2024-08-31,12:30,Premier League,Matchweek 3,Sat,Home,D,1.0,1.0,Brighton,2.1,1.7,36.0,60326.0,Martin Ødegaard,4-3-3,4-2-3-1,Chris Kavanagh,Match Report,,Arsenal
3,2024-09-15,14:00,Premier League,Matchweek 4,Sun,Away,W,1.0,0.0,Tottenham,0.7,0.7,37.0,61645.0,Jorginho,4-4-2,4-3-3,Jarred Gillett,Match Report,,Arsenal
5,2024-09-22,16:30,Premier League,Matchweek 5,Sun,Away,D,2.0,2.0,Manchester City,0.7,2.1,23.0,52846.0,Bukayo Saka,4-4-2,4-3-3,Michael Oliver,Match Report,,Arsenal
7,2024-09-28,15:00,Premier League,Matchweek 6,Sat,Home,W,4.0,2.0,Leicester City,4.4,0.3,74.0,60323.0,Bukayo Saka,4-4-2,4-2-3-1,Samuel Barrott,Match Report,,Arsenal
9,2024-10-05,15:00,Premier League,Matchweek 7,Sat,Home,W,3.0,1.0,Southampton,2.8,0.6,59.0,60307.0,Jorginho,4-4-2,5-4-1,Tony Harrington,Match Report,,Arsenal
10,2024-10-19,17:30,Premier League,Matchweek 8,Sat,Away,L,0.0,2.0,Bournemouth,0.7,1.8,51.0,11235.0,Gabriel Magalhães,4-2-3-1,4-2-3-1,Robert Jones,Match Report,,Arsenal
12,2024-10-27,16:30,Premier League,Matchweek 9,Sun,Home,,,,Liverpool,,,,,,,,,Head-to-Head,,Arsenal
14,2024-11-02,12:30,Premier League,Matchweek 10,Sat,Away,,,,Newcastle Utd,,,,,,,,,Head-to-Head,,Arsenal
16,2024-11-10,16:30,Premier League,Matchweek 11,Sun,Away,,,,Chelsea,,,,,,,,,Head-to-Head,,Arsenal
17,2024-11-23,15:00,Premier League,Matchweek 12,Sat,Home,,,,Nott'ham Forest,,,,,,,,,Head-to-Head,,Arsenal
19,2024-11-30,17:30,Premier League,Matchweek 13,Sat,Away,,,,West Ham,,,,,,,,,Head-to-Head,,Arsenal
20,2024-12-04,20:15,Premier League,Matchweek 14,Wed,Home,,,,Manchester Utd,,,,,,,,,Head-to-Head,,Arsenal
21,2024-12-08,14:00,Premier League,Matchweek 15,Sun,Away,,,,Fulham,,,,,,,,,Head-to-Head,,Arsenal
23,2024-12-14,15:00,Premier League,Matchweek 16,Sat,Home,,,,Everton,,,,,,,,,Head-to-Head,,Arsenal
24,2024-12-21,17:30,Premier League,Matchweek 17,Sat,Away,,,,Crystal Palace,,,,,,,,,Head-to-Head,,Arsenal
25,2024-12-27,20:15,Premier League,Matchweek 18,Fri,Home,,,,Ipswich Town,,,,,,,,,Head-to-Head,,Arsenal
26,2025-01-01,17:30,Premier League,Matchweek 19,Wed,Away,,,,Brentford,,,,,,,,,Head-to-Head,,Arsenal
27,2025-01-04,17:30,Premier League,Matchweek 20,Sat,Away,,,,Brighton,,,,,,,,,Head-to-Head,,Arsenal
28,2025-01-15,20:00,Premier League,Matchweek 21,Wed,Home,,,,Tottenham,,,,,,,,,Head-to-Head,,Arsenal
29,2025-01-18,17:30,Premier League,Matchweek 22,Sat,Home,,,,Aston Villa,,,,,,,,,Head-to-Head,,Arsenal
31,2025-01-25,15:00,Premier League,Matchweek 23,Sat,Away,,,,Wolves,,,,,,,,,Head-to-Head,,Arsenal
33,2025-02-01,15:00,Premier League,Matchweek 24,Sat,Home,,,,Manchester City,,,,,,,,,Head-to-Head,,Arsenal
34,2025-02-15,15:00,Premier League,Matchweek 25,Sat,Away,,,,Leicester City,,,,,,,,,Head-to-Head,,Arsenal
35,2025-02-22,15:00,Premier League,Matchweek 26,Sat,Home,,,,West Ham,,,,,,,,,Head-to-Head,,Arsenal
36,2025-02-25,19:45,Premier League,Matchweek 27,Tue,Away,,,,Nott'ham Forest,,,,,,,,,Head-to-Head,,Arsenal
37,2025-03-08,15:00,Premier League,Matchweek 28,Sat,Away,,,,Manchester Utd,,,,,,,,,Head-to-Head,,Arsenal
38,2025-03-15,15:00,Premier League,Matchweek 29,Sat,Home,,,,Chelsea,,,,,,,,,Head-to-Head,,Arsenal
39,2025-04-01,19:45,Premier League,Matchweek 30,Tue,Home,,,,Fulham,,,,,,,,,Head-to-Head,,Arsenal
40,2025-04-05,15:00,Premier League,Matchweek 31,Sat,Away,,,,Everton,,,,,,,,,Head-to-Head,,Arsenal
41,2025-04-12,15:00,Premier League,Matchweek 32,Sat,Home,,,,Brentford,,,,,,,,,Head-to-Head,,Arsenal
42,2025-04-19,15:00,Premier League,Matchweek 33,Sat,Away,,,,Ipswich Town,,,,,,,,,Head-to-Head,,Arsenal
43,2025-04-26,15:00,Premier League,Matchweek 34,Sat,Home,,,,Crystal Palace,,,,,,,,,Head-to-Head,,Arsenal
44,2025-05-03,15:00,Premier League,Matchweek 35,Sat,Home,,,,Bournemouth,,,,,,,,,Head-to-Head,,Arsenal
45,2025-05-10,15:00,Premier League,Matchweek 36,Sat,Away,,,,Liverpool,,,,,,,,,Head-to-Head,,Arsenal
46,2025-05-18,15:00,Premier League,Matchweek 37,Sun,Home,,,,Newcastle Utd,,,,,,,,,Head-to-Head,,Arsenal
47,2025-05-25,16:00,Premier League,Matchweek 38,Sun,Away,,,,Southampton,,,,,,,,,Head-to-Head,,Arsenal
0,2024-08-17,17:30,Premier League,Matchweek 1,Sat,Away,W,2.0,1.0,West Ham,2.0,2.3,48.0,62463.0,John McGinn,4-2-3-1,4-1-4-1,Tony Harrington,Match Report,,Aston Villa
1,2024-08-24,17:30,Premier League,Matchweek 2,Sat,Home,L,0.0,2.0,Arsenal,1.2,0.9,40.0,41587.0,John McGinn,4-4-2,4-3-3,Michael Oliver,Match Report,,Aston Villa
2,2024-08-31,15:00,Premier League,Matchweek 3,Sat,Away,W,2.0,1.0,Leicester City,1.4,0.4,43.0,31725.0,John McGinn,4-4-2,4-2-3-1,David Coote,Match Report,,Aston Villa
3,2024-09-14,17:30,Premier League,Matchweek 4,Sat,Home,W,3.0,2.0,Everton,2.1,0.9,72.0,41573.0,John McGinn,4-2-3-1,4-2-3-1,Craig Pawson,Match Report,,Aston Villa
5,2024-09-21,15:00,Premier League,Matchweek 5,Sat,Home,W,3.0,1.0,Wolves,1.7,0.5,53.0,39978.0,John McGinn,4-2-3-1,4-1-4-1,Tim Robinson,Match Report,,Aston Villa
7,2024-09-29,14:00,Premier League,Matchweek 6,Sun,Away,D,2.0,2.0,Ipswich Town,0.8,1.2,56.0,29943.0,Emiliano Martínez,4-2-3-1,4-2-3-1,Stuart Attwell,Match Report,,Aston Villa
9,2024-10-06,14:00,Premier League,Matchweek 7,Sun,Home,D,0.0,0.0,Manchester Utd,0.5,0.6,53.0,42682.0,Emiliano Martínez,4-2-3-1,4-2-3-1,Robert Jones,Match Report,,Aston Villa
10,2024-10-19,15:00,Premier League,Matchweek 8,Sat,Away,W,3.0,1.0,Fulham,1.6,1.8,48.0,26743.0,Emiliano Martínez,4-2-3-1,4-2-3-1,Darren England,Match Report,,Aston Villa
12,2024-10-26,15:00,Premier League,Matchweek 9,Sat,Home,,,,Bournemouth,,,,,,,,,Head-to-Head,,Aston Villa
14,2024-11-03,14:00,Premier League,Matchweek 10,Sun,Away,,,,Tottenham,,,,,,,,,Head-to-Head,,Aston Villa
16,2024-11-09,20:00,Premier League,Matchweek 11,Sat,Away,,,,Liverpool,,,,,,,,,Head-to-Head,,Aston Villa
17,2024-11-23,15:00,Premier League,Matchweek 12,Sat,Home,,,,Crystal Palace,,,,,,,,,Head-to-Head,,Aston Villa
19,2024-12-01,13:30,Premier League,Matchweek 13,Sun,Away,,,,Chelsea,,,,,,,,,Head-to-Head,,Aston Villa
20,2024-12-04,20:15,Premier League,Matchweek 14,Wed,Home,,,,Brentford,,,,,,,,,Head-to-Head,,Aston Villa
21,2024-12-07,15:00,Premier League,Matchweek 15,Sat,Home,,,,Southampton,,,,,,,,,Head-to-Head,,Aston Villa
23,2024-12-14,17:30,Premier League,Matchweek 16,Sat,Away,,,,Nott'ham Forest,,,,,,,,,Head-to-Head,,Aston Villa
24,2024-12-21,12:30,Premier League,Matchweek 17,Sat,Home,,,,Manchester City,,,,,,,,,Head-to-Head,,Aston Villa
25,2024-12-26,15:00,Premier League,Matchweek 18,Thu,Away,,,,Newcastle Utd,,,,,,,,,Head-to-Head,,Aston Villa
26,2024-12-30,19:45,Premier League,Matchweek 19,Mon,Home,,,,Brighton,,,,,,,,,Head-to-Head,,Aston Villa
27,2025-01-04,15:00,Premier League,Matchweek 20,Sat,Home,,,,Leicester City,,,,,,,,,Head-to-Head,,Aston Villa
28,2025-01-15,19:30,Premier League,Matchweek 21,Wed,Away,,,,Everton,,,,,,,,,Head-to-Head,,Aston Villa
29,2025-01-18,17:30,Premier League,Matchweek 22,Sat,Away,,,,Arsenal,,,,,,,,,Head-to-Head,,Aston Villa
31,2025-01-26,16:30,Premier League,Matchweek 23,Sun,Home,,,,West Ham,,,,,,,,,Head-to-Head,,Aston Villa
33,2025-02-01,15:00,Premier League,Matchweek 24,Sat,Away,,,,Wolves,,,,,,,,,Head-to-Head,,Aston Villa
34,2025-02-15,15:00,Premier League,Matchweek 25,Sat,Home,,,,Ipswich Town,,,,,,,,,Head-to-Head,,Aston Villa
35,2025-02-22,15:00,Premier League,Matchweek 26,Sat,Home,,,,Chelsea,,,,,,,,,Head-to-Head,,Aston Villa
36,2025-02-25,20:00,Premier League,Matchweek 27,Tue,Away,,,,Crystal Palace,,,,,,,,,Head-to-Head,,Aston Villa
37,2025-03-08,15:00,Premier League,Matchweek 28,Sat,Away,,,,Brentford,,,,,,,,,Head-to-Head,,Aston Villa
38,2025-03-15,15:00,Premier League,Matchweek 29,Sat,Home,,,,Liverpool,,,,,,,,,Head-to-Head,,Aston Villa
39,2025-04-01,19:45,Premier League,Matchweek 30,Tue,Away,,,,Brighton,,,,,,,,,Head-to-Head,,Aston Villa
40,2025-04-05,15:00,Premier League,Matchweek 31,Sat,Home,,,,Nott'ham Forest,,,,,,,,,Head-to-Head,,Aston Villa
41,2025-04-12,15:00,Premier League,Matchweek 32,Sat,Away,,,,Southampton,,,,,,,,,Head-to-Head,,Aston Villa
42,2025-04-19,15:00,Premier League,Matchweek 33,Sat,Home,,,,Newcastle Utd,,,,,,,,,Head-to-Head,,Aston Villa
43,2025-04-26,15:00,Premier League,Matchweek 34,Sat,Away,,,,Manchester City,,,,,,,,,Head-to-Head,,Aston Villa
44,2025-05-03,15:00,Premier League,Matchweek 35,Sat,Home,,,,Fulham,,,,,,,,,Head-to-Head,,Aston Villa
45,2025-05-10,15:00,Premier League,Matchweek 36,Sat,Away,,,,Bournemouth,,,,,,,,,Head-to-Head,,Aston Villa
46,2025-05-18,15:00,Premier League,Matchweek 37,Sun,Home,,,,Tottenham,,,,,,,,,Head-to-Head,,Aston Villa
47,2025-05-25,16:00,Premier League,Matchweek 38,Sun,Away,,,,Manchester Utd,,,,,,,,,Head-to-Head,,Aston Villa
0,2024-08-17,15:00,Premier League,Matchweek 1,Sat,Home,D,1,1,Bournemouth,1.3,1.2,53.0,29763.0,Morgan Gibbs-White,4-2-3-1,4-2-3-1,Michael Oliver,Match Report,,Nottingham Forest
1,2024-08-24,15:00,Premier League,Matchweek 2,Sat,Away,W,1,0,Southampton,2.2,0.1,36.0,31150.0,Morgan Gibbs-White,4-2-3-1,3-5-2,Samuel Barrott,Match Report,,Nottingham Forest
3,2024-08-31,15:00,Premier League,Matchweek 3,Sat,Home,D,1,1,Wolves,1.0,0.7,52.0,29918.0,Morgan Gibbs-White,4-2-3-1,4-4-1-1,Simon Hooper,Match Report,,Nottingham Forest
4,2024-09-14,15:00,Premier League,Matchweek 4,Sat,Away,W,1,0,Liverpool,0.4,0.9,32.0,60344.0,Ryan Yates,4-2-3-1,4-2-3-1,Michael Oliver,Match Report,,Nottingham Forest
5,2024-09-22,14:00,Premier League,Matchweek 5,Sun,Away,D,2,2,Brighton,1.4,1.0,30.0,31444.0,Morgan Gibbs-White,4-2-3-1,4-2-3-1,Robert Jones,Match Report,,Nottingham Forest
6,2024-09-28,15:00,Premier League,Matchweek 6,Sat,Home,L,0,1,Fulham,0.8,1.3,41.0,30139.0,Ryan Yates,4-4-2,4-2-3-1,Joshua Smith,Match Report,,Nottingham Forest
7,2024-10-06,14:00,Premier League,Matchweek 7,Sun,Away,D,1,1,Chelsea,0.9,2.3,35.0,39501.0,Ryan Yates,4-2-3-1,4-2-3-1,Chris Kavanagh,Match Report,,Nottingham Forest
8,2024-10-21,20:00,Premier League,Matchweek 8,Mon,Home,W,1,0,Crystal Palace,1.7,1.0,51.0,29443.0,Ryan Yates,4-2-3-1,3-1-4-2,Tim Robinson,Match Report,,Nottingham Forest
9,2024-10-25,20:00,Premier League,Matchweek 9,Fri,Away,W,3,1,Leicester City,1.7,0.6,36.0,31879.0,Ryan Yates,4-2-3-1,4-2-3-1,Craig Pawson,Match Report,,Nottingham Forest
10,2024-11-02,15:00,Premier League,Matchweek 10,Sat,Home,,,,West Ham,,,,,,,,,Head-to-Head,,Nottingham Forest
11,2024-11-10,14:00,Premier League,Matchweek 11,Sun,Home,,,,Newcastle Utd,,,,,,,,,Head-to-Head,,Nottingham Forest
12,2024-11-23,15:00,Premier League,Matchweek 12,Sat,Away,,,,Arsenal,,,,,,,,,Head-to-Head,,Nottingham Forest
13,2024-11-30,15:00,Premier League,Matchweek 13,Sat,Home,,,,Ipswich Town,,,,,,,,,Head-to-Head,,Nottingham Forest
14,2024-12-04,19:30,Premier League,Matchweek 14,Wed,Away,,,,Manchester City,,,,,,,,,Head-to-Head,,Nottingham Forest
15,2024-12-07,17:30,Premier League,Matchweek 15,Sat,Away,,,,Manchester Utd,,,,,,,,,Head-to-Head,,Nottingham Forest
16,2024-12-14,17:30,Premier League,Matchweek 16,Sat,Home,,,,Aston Villa,,,,,,,,,Head-to-Head,,Nottingham Forest
17,2024-12-21,15:00,Premier League,Matchweek 17,Sat,Away,,,,Brentford,,,,,,,,,Head-to-Head,,Nottingham Forest
18,2024-12-26,15:00,Premier League,Matchweek 18,Thu,Home,,,,Tottenham,,,,,,,,,Head-to-Head,,Nottingham Forest
19,2024-12-29,15:00,Premier League,Matchweek 19,Sun,Away,,,,Everton,,,,,,,,,Head-to-Head,,Nottingham Forest
20,2025-01-06,20:00,Premier League,Matchweek 20,Mon,Away,,,,Wolves,,,,,,,,,Head-to-Head,,Nottingham Forest
21,2025-01-14,20:00,Premier League,Matchweek 21,Tue,Home,,,,Liverpool,,,,,,,,,Head-to-Head,,Nottingham Forest
22,2025-01-19,14:00,Premier League,Matchweek 22,Sun,Home,,,,Southampton,,,,,,,,,Head-to-Head,,Nottingham Forest
23,2025-01-25,15:00,Premier League,Matchweek 23,Sat,Away,,,,Bournemouth,,,,,,,,,Head-to-Head,,Nottingham Forest
24,2025-02-01,15:00,Premier League,Matchweek 24,Sat,Home,,,,Brighton,,,,,,,,,Head-to-Head,,Nottingham Forest
25,2025-02-15,15:00,Premier League,Matchweek 25,Sat,Away,,,,Fulham,,,,,,,,,Head-to-Head,,Nottingham Forest
26,2025-02-22,15:00,Premier League,Matchweek 26,Sat,Away,,,,Newcastle Utd,,,,,,,,,Head-to-Head,,Nottingham Forest
27,2025-02-25,19:45,Premier League,Matchweek 27,Tue,Home,,,,Arsenal,,,,,,,,,Head-to-Head,,Nottingham Forest
28,2025-03-08,15:00,Premier League,Matchweek 28,Sat,Home,,,,Manchester City,,,,,,,,,Head-to-Head,,Nottingham Forest
29,2025-03-15,15:00,Premier League,Matchweek 29,Sat,Away,,,,Ipswich Town,,,,,,,,,Head-to-Head,,Nottingham Forest
30,2025-04-01,19:45,Premier League,Matchweek 30,Tue,Home,,,,Manchester Utd,,,,,,,,,Head-to-Head,,Nottingham Forest
31,2025-04-05,15:00,Premier League,Matchweek 31,Sat,Away,,,,Aston Villa,,,,,,,,,Head-to-Head,,Nottingham Forest
32,2025-04-12,15:00,Premier League,Matchweek 32,Sat,Home,,,,Everton,,,,,,,,,Head-to-Head,,Nottingham Forest
33,2025-04-19,15:00,Premier League,Matchweek 33,Sat,Away,,,,Tottenham,,,,,,,,,Head-to-Head,,Nottingham Forest
34,2025-04-26,15:00,Premier League,Matchweek 34,Sat,Home,,,,Brentford,,,,,,,,,Head-to-Head,,Nottingham Forest
35,2025-05-03,15:00,Premier League,Matchweek 35,Sat,Away,,,,Crystal Palace,,,,,,,,,Head-to-Head,,Nottingham Forest
36,2025-05-10,15:00,Premier League,Matchweek 36,Sat,Home,,,,Leicester City,,,,,,,,,Head-to-Head,,Nottingham Forest
37,2025-05-18,15:00,Premier League,Matchweek 37,Sun,Away,,,,West Ham,,,,,,,,,Head-to-Head,,Nottingham Forest
38,2025-05-25,16:00,Premier League,Matchweek 38,Sun,Home,,,,Chelsea,,,,,,,,,Head-to-Head,,Nottingham Forest
0,2024-08-17,15:00,Premier League,Matchweek 1,Sat,Away,W,3.0,0.0,Everton,1.4,0.5,60.0,39217.0,Lewis Dunk,4-2-3-1,4-2-3-1,Simon Hooper,Match Report,,Brighton and Hove Albion
1,2024-08-24,12:30,Premier League,Matchweek 2,Sat,Home,W,2.0,1.0,Manchester Utd,2.1,1.4,48.0,31537.0,Lewis Dunk,4-2-3-1,4-2-3-1,Craig Pawson,Match Report,,Brighton and Hove Albion
3,2024-08-31,12:30,Premier League,Matchweek 3,Sat,Away,D,1.0,1.0,Arsenal,1.7,2.1,64.0,60326.0,Lewis Dunk,4-2-3-1,4-3-3,Chris Kavanagh,Match Report,,Brighton and Hove Albion
4,2024-09-14,15:00,Premier League,Matchweek 4,Sat,Home,D,0.0,0.0,Ipswich Town,1.6,0.3,68.0,41573.0,Lewis Dunk,4-4-2,4-2-3-1,Samuel Barrott,Match Report,,Brighton and Hove Albion
6,2024-09-22,14:00,Premier League,Matchweek 5,Sun,Home,D,2.0,2.0,Nott'ham Forest,1.0,1.4,70.0,31444.0,Lewis Dunk,4-2-3-1,4-2-3-1,Robert Jones,Match Report,,Brighton and Hove Albion
7,2024-09-28,15:00,Premier League,Matchweek 6,Sat,Away,L,2.0,4.0,Chelsea,1.1,4.2,59.0,39495.0,Lewis Dunk,4-3-3,4-2-3-1,Peter Bankes,Match Report,,Brighton and Hove Albion
8,2024-10-06,16:30,Premier League,Matchweek 7,Sun,Home,W,3.0,2.0,Tottenham,1.8,1.3,41.0,31487.0,Lewis Dunk,4-2-3-1,4-3-3,David Coote,Match Report,,Brighton and Hove Albion
9,2024-10-19,15:00,Premier League,Matchweek 8,Sat,Away,W,1.0,0.0,Newcastle Utd,1.1,2.0,40.0,52220.0,Lewis Dunk,4-4-2,4-3-3,Peter Bankes,Match Report,,Brighton and Hove Albion
10,2024-10-26,15:00,Premier League,Matchweek 9,Sat,Home,,,,Wolves,,,,,,,,,Head-to-Head,,Brighton and Hove Albion
12,2024-11-02,15:00,Premier League,Matchweek 10,Sat,Away,,,,Liverpool,,,,,,,,,Head-to-Head,,Brighton and Hove Albion
13,2024-11-09,17:30,Premier League,Matchweek 11,Sat,Home,,,,Manchester City,,,,,,,,,Head-to-Head,,Brighton and Hove Albion
14,2024-11-23,15:00,Premier League,Matchweek 12,Sat,Away,,,,Bournemouth,,,,,,,,,Head-to-Head,,Brighton and Hove Albion
15,2024-11-29,20:00,Premier League,Matchweek 13,Fri,Home,,,,Southampton,,,,,,,,,Head-to-Head,,Brighton and Hove Albion
16,2024-12-05,19:30,Premier League,Matchweek 14,Thu,Away,,,,Fulham,,,,,,,,,Head-to-Head,,Brighton and Hove Albion
17,2024-12-08,14:00,Premier League,Matchweek 15,Sun,Away,,,,Leicester City,,,,,,,,,Head-to-Head,,Brighton and Hove Albion
18,2024-12-16,20:00,Premier League,Matchweek 16,Mon,Home,,,,Crystal Palace,,,,,,,,,Head-to-Head,,Brighton and Hove Albion
19,2024-12-21,15:00,Premier League,Matchweek 17,Sat,Away,,,,West Ham,,,,,,,,,Head-to-Head,,Brighton and Hove Albion
20,2024-12-27,19:30,Premier League,Matchweek 18,Fri,Home,,,,Brentford,,,,,,,,,Head-to-Head,,Brighton and Hove Albion
21,2024-12-30,19:45,Premier League,Matchweek 19,Mon,Away,,,,Aston Villa,,,,,,,,,Head-to-Head,,Brighton and Hove Albion
22,2025-01-04,17:30,Premier League,Matchweek 20,Sat,Home,,,,Arsenal,,,,,,,,,Head-to-Head,,Brighton and Hove Albion
23,2025-01-16,19:30,Premier League,Matchweek 21,Thu,Away,,,,Ipswich Town,,,,,,,,,Head-to-Head,,Brighton and Hove Albion
24,2025-01-19,14:00,Premier League,Matchweek 22,Sun,Away,,,,Manchester Utd,,,,,,,,,Head-to-Head,,Brighton and Hove Albion
25,2025-01-25,15:00,Premier League,Matchweek 23,Sat,Home,,,,Everton,,,,,,,,,Head-to-Head,,Brighton and Hove Albion
26,2025-02-01,15:00,Premier League,Matchweek 24,Sat,Away,,,,Nott'ham Forest,,,,,,,,,Head-to-Head,,Brighton and Hove Albion
27,2025-02-15,15:00,Premier League,Matchweek 25,Sat,Home,,,,Chelsea,,,,,,,,,Head-to-Head,,Brighton and Hove Albion
28,2025-02-22,15:00,Premier League,Matchweek 26,Sat,Away,,,,Southampton,,,,,,,,,Head-to-Head,,Brighton and Hove Albion
29,2025-02-25,19:45,Premier League,Matchweek 27,Tue,Home,,,,Bournemouth,,,,,,,,,Head-to-Head,,Brighton and Hove Albion
30,2025-03-08,15:00,Premier League,Matchweek 28,Sat,Home,,,,Fulham,,,,,,,,,Head-to-Head,,Brighton and Hove Albion
31,2025-03-15,15:00,Premier League,Matchweek 29,Sat,Away,,,,Manchester City,,,,,,,,,Head-to-Head,,Brighton and Hove Albion
32,2025-04-01,19:45,Premier League,Matchweek 30,Tue,Home,,,,Aston Villa,,,,,,,,,Head-to-Head,,Brighton and Hove Albion
33,2025-04-05,15:00,Premier League,Matchweek 31,Sat,Away,,,,Crystal Palace,,,,,,,,,Head-to-Head,,Brighton and Hove Albion
34,2025-04-12,15:00,Premier League,Matchweek 32,Sat,Home,,,,Leicester City,,,,,,,,,Head-to-Head,,Brighton and Hove Albion
35,2025-04-19,15:00,Premier League,Matchweek 33,Sat,Away,,,,Brentford,,,,,,,,,Head-to-Head,,Brighton and Hove Albion
36,2025-04-26,15:00,Premier League,Matchweek 34,Sat,Home,,,,West Ham,,,,,,,,,Head-to-Head,,Brighton and Hove Albion
37,2025-05-03,15:00,Premier League,Matchweek 35,Sat,Home,,,,Newcastle Utd,,,,,,,,,Head-to-Head,,Brighton and Hove Albion
38,2025-05-10,15:00,Premier League,Matchweek 36,Sat,Away,,,,Wolves,,,,,,,,,Head-to-Head,,Brighton and Hove Albion
39,2025-05-18,15:00,Premier League,Matchweek 37,Sun,Home,,,,Liverpool,,,,,,,,,Head-to-Head,,Brighton and Hove Albion
40,2025-05-25,16:00,Premier League,Matchweek 38,Sun,Away,,,,Tottenham,,,,,,,,,Head-to-Head,,Brighton and Hove Albion
0,2024-08-18,16:30,Premier League,Matchweek 1,Sun,Home,L,0.0,2.0,Manchester City,1.0,0.8,48.0,39818.0,Enzo Fernández,4-2-3-1,3-2-4-1,Anthony Taylor,Match Report,,Chelsea
2,2024-08-25,14:00,Premier League,Matchweek 2,Sun,Away,W,6.0,2.0,Wolves,1.6,1.9,60.0,31235.0,Enzo Fernández,4-2-3-1,4-2-3-1,Darren England,Match Report,,Chelsea
4,2024-09-01,13:30,Premier League,Matchweek 3,Sun,Home,D,1.0,1.0,Crystal Palace,2.4,0.5,62.0,39298.0,Enzo Fernández,4-2-3-1,3-4-3,Jarred Gillett,Match Report,,Chelsea
5,2024-09-14,20:00,Premier League,Matchweek 4,Sat,Away,W,1.0,0.0,Bournemouth,0.8,1.7,66.0,11235.0,Moisés Caicedo,4-2-3-1,4-2-3-1,Anthony Taylor,Match Report,,Chelsea
6,2024-09-21,12:30,Premier League,Matchweek 5,Sat,Away,W,3.0,0.0,West Ham,2.2,0.9,47.0,62473.0,Enzo Fernández,4-2-3-1,3-4-3,Samuel Barrott,Match Report,,Chelsea
8,2024-09-28,15:00,Premier League,Matchweek 6,Sat,Home,W,4.0,2.0,Brighton,4.2,1.1,41.0,39495.0,Enzo Fernández,4-2-3-1,4-3-3,Peter Bankes,Match Report,,Chelsea
10,2024-10-06,14:00,Premier League,Matchweek 7,Sun,Home,D,1.0,1.0,Nott'ham Forest,2.3,0.9,65.0,39501.0,Enzo Fernández,4-2-3-1,4-2-3-1,Chris Kavanagh,Match Report,,Chelsea
11,2024-10-20,16:30,Premier League,Matchweek 8,Sun,Away,L,1.0,2.0,Liverpool,1.0,1.9,57.0,60277.0,Reece James,4-2-3-1,4-2-3-1,John Brooks,Match Report,,Chelsea
13,2024-10-27,14:00,Premier League,Matchweek 9,Sun,Home,,,,Newcastle Utd,,,,,,,,,Head-to-Head,,Chelsea
15,2024-11-03,16:30,Premier League,Matchweek 10,Sun,Away,,,,Manchester Utd,,,,,,,,,Head-to-Head,,Chelsea
17,2024-11-10,16:30,Premier League,Matchweek 11,Sun,Home,,,,Arsenal,,,,,,,,,Head-to-Head,,Chelsea
18,2024-11-23,12:30,Premier League,Matchweek 12,Sat,Away,,,,Leicester City,,,,,,,,,Head-to-Head,,Chelsea
20,2024-12-01,13:30,Premier League,Matchweek 13,Sun,Home,,,,Aston Villa,,,,,,,,,Head-to-Head,,Chelsea
21,2024-12-04,19:30,Premier League,Matchweek 14,Wed,Away,,,,Southampton,,,,,,,,,Head-to-Head,,Chelsea
22,2024-12-08,16:30,Premier League,Matchweek 15,Sun,Away,,,,Tottenham,,,,,,,,,Head-to-Head,,Chelsea
24,2024-12-15,19:00,Premier League,Matchweek 16,Sun,Home,,,,Brentford,,,,,,,,,Head-to-Head,,Chelsea
26,2024-12-22,14:00,Premier League,Matchweek 17,Sun,Away,,,,Everton,,,,,,,,,Head-to-Head,,Chelsea
27,2024-12-26,15:00,Premier League,Matchweek 18,Thu,Home,,,,Fulham,,,,,,,,,Head-to-Head,,Chelsea
28,2024-12-30,19:45,Premier League,Matchweek 19,Mon,Away,,,,Ipswich Town,,,,,,,,,Head-to-Head,,Chelsea
29,2025-01-04,15:00,Premier League,Matchweek 20,Sat,Away,,,,Crystal Palace,,,,,,,,,Head-to-Head,,Chelsea
30,2025-01-14,19:30,Premier League,Matchweek 21,Tue,Home,,,,Bournemouth,,,,,,,,,Head-to-Head,,Chelsea
31,2025-01-20,20:00,Premier League,Matchweek 22,Mon,Home,,,,Wolves,,,,,,,,,Head-to-Head,,Chelsea
32,2025-01-25,17:30,Premier League,Matchweek 23,Sat,Away,,,,Manchester City,,,,,,,,,Head-to-Head,,Chelsea
33,2025-02-01,15:00,Premier League,Matchweek 24,Sat,Home,,,,West Ham,,,,,,,,,Head-to-Head,,Chelsea
34,2025-02-15,15:00,Premier League,Matchweek 25,Sat,Away,,,,Brighton,,,,,,,,,Head-to-Head,,Chelsea
35,2025-02-22,15:00,Premier League,Matchweek 26,Sat,Away,,,,Aston Villa,,,,,,,,,Head-to-Head,,Chelsea
36,2025-02-26,19:45,Premier League,Matchweek 27,Wed,Home,,,,Southampton,,,,,,,,,Head-to-Head,,Chelsea
37,2025-03-08,15:00,Premier League,Matchweek 28,Sat,Home,,,,Leicester City,,,,,,,,,Head-to-Head,,Chelsea
38,2025-03-15,15:00,Premier League,Matchweek 29,Sat,Away,,,,Arsenal,,,,,,,,,Head-to-Head,,Chelsea
39,2025-04-02,19:45,Premier League,Matchweek 30,Wed,Home,,,,Tottenham,,,,,,,,,Head-to-Head,,Chelsea
40,2025-04-05,15:00,Premier League,Matchweek 31,Sat,Away,,,,Brentford,,,,,,,,,Head-to-Head,,Chelsea
41,2025-04-12,15:00,Premier League,Matchweek 32,Sat,Home,,,,Ipswich Town,,,,,,,,,Head-to-Head,,Chelsea
42,2025-04-19,15:00,Premier League,Matchweek 33,Sat,Away,,,,Fulham,,,,,,,,,Head-to-Head,,Chelsea
43,2025-04-26,15:00,Premier League,Matchweek 34,Sat,Home,,,,Everton,,,,,,,,,Head-to-Head,,Chelsea
44,2025-05-03,15:00,Premier League,Matchweek 35,Sat,Home,,,,Liverpool,,,,,,,,,Head-to-Head,,Chelsea
45,2025-05-10,15:00,Premier League,Matchweek 36,Sat,Away,,,,Newcastle Utd,,,,,,,,,Head-to-Head,,Chelsea
46,2025-05-18,15:00,Premier League,Matchweek 37,Sun,Home,,,,Manchester Utd,,,,,,,,,Head-to-Head,,Chelsea
47,2025-05-25,16:00,Premier League,Matchweek 38,Sun,Away,,,,Nott'ham Forest,,,,,,,,,Head-to-Head,,Chelsea
0,2024-08-19,20:00,Premier League,Matchweek 1,Mon,Away,D,1.0,1.0,Leicester City,1.2,1.0,70.0,31977.0,Son Heung-min,4-3-3,4-2-3-1,Chris Kavanagh,Match Report,,Tottenham Hotspur
1,2024-08-24,15:00,Premier League,Matchweek 2,Sat,Home,W,4.0,0.0,Everton,2.4,1.0,70.0,61357.0,Son Heung-min,4-3-3,4-2-3-1,Anthony Taylor,Match Report,,Tottenham Hotspur
2,2024-09-01,13:30,Premier League,Matchweek 3,Sun,Away,L,1.0,2.0,Newcastle Utd,1.2,1.8,65.0,52211.0,Son Heung-min,4-2-3-1,4-3-3,Robert Jones,Match Report,,Tottenham Hotspur
3,2024-09-15,14:00,Premier League,Matchweek 4,Sun,Home,L,0.0,1.0,Arsenal,0.7,0.7,63.0,61645.0,Son Heung-min,4-3-3,4-4-2,Jarred Gillett,Match Report,,Tottenham Hotspur
5,2024-09-21,15:00,Premier League,Matchweek 5,Sat,Home,W,3.0,1.0,Brentford,3.5,0.8,48.0,61246.0,Son Heung-min,4-3-3,5-3-2,John Brooks,Match Report,,Tottenham Hotspur
7,2024-09-29,16:30,Premier League,Matchweek 6,Sun,Away,W,3.0,0.0,Manchester Utd,4.4,1.0,61.0,73587.0,Cristian Romero,4-3-3,4-2-3-1,Chris Kavanagh,Match Report,,Tottenham Hotspur
9,2024-10-06,16:30,Premier League,Matchweek 7,Sun,Away,L,2.0,3.0,Brighton,1.3,1.8,59.0,31487.0,Cristian Romero,4-3-3,4-2-3-1,David Coote,Match Report,,Tottenham Hotspur
10,2024-10-19,12:30,Premier League,Matchweek 8,Sat,Home,W,4.0,1.0,West Ham,1.9,0.8,57.0,61381.0,Son Heung-min,4-3-3,4-1-4-1,Andy Madley,Match Report,,Tottenham Hotspur
12,2024-10-27,14:00,Premier League,Matchweek 9,Sun,Away,,,,Crystal Palace,,,,,,,,,Head-to-Head,,Tottenham Hotspur
14,2024-11-03,14:00,Premier League,Matchweek 10,Sun,Home,,,,Aston Villa,,,,,,,,,Head-to-Head,,Tottenham Hotspur
16,2024-11-10,14:00,Premier League,Matchweek 11,Sun,Home,,,,Ipswich Town,,,,,,,,,Head-to-Head,,Tottenham Hotspur
17,2024-11-23,17:30,Premier League,Matchweek 12,Sat,Away,,,,Manchester City,,,,,,,,,Head-to-Head,,Tottenham Hotspur
19,2024-12-01,13:30,Premier League,Matchweek 13,Sun,Home,,,,Fulham,,,,,,,,,Head-to-Head,,Tottenham Hotspur
20,2024-12-05,20:15,Premier League,Matchweek 14,Thu,Away,,,,Bournemouth,,,,,,,,,Head-to-Head,,Tottenham Hotspur
21,2024-12-08,16:30,Premier League,Matchweek 15,Sun,Home,,,,Chelsea,,,,,,,,,Head-to-Head,,Tottenham Hotspur
23,2024-12-15,19:00,Premier League,Matchweek 16,Sun,Away,,,,Southampton,,,,,,,,,Head-to-Head,,Tottenham Hotspur
24,2024-12-22,16:30,Premier League,Matchweek 17,Sun,Home,,,,Liverpool,,,,,,,,,Head-to-Head,,Tottenham Hotspur
25,2024-12-26,15:00,Premier League,Matchweek 18,Thu,Away,,,,Nott'ham Forest,,,,,,,,,Head-to-Head,,Tottenham Hotspur
26,2024-12-29,15:00,Premier League,Matchweek 19,Sun,Home,,,,Wolves,,,,,,,,,Head-to-Head,,Tottenham Hotspur
27,2025-01-04,12:30,Premier League,Matchweek 20,Sat,Home,,,,Newcastle Utd,,,,,,,,,Head-to-Head,,Tottenham Hotspur
28,2025-01-15,20:00,Premier League,Matchweek 21,Wed,Away,,,,Arsenal,,,,,,,,,Head-to-Head,,Tottenham Hotspur
29,2025-01-19,14:00,Premier League,Matchweek 22,Sun,Away,,,,Everton,,,,,,,,,Head-to-Head,,Tottenham Hotspur
31,2025-01-26,14:00,Premier League,Matchweek 23,Sun,Home,,,,Leicester City,,,,,,,,,Head-to-Head,,Tottenham Hotspur
33,2025-02-01,15:00,Premier League,Matchweek 24,Sat,Away,,,,Brentford,,,,,,,,,Head-to-Head,,Tottenham Hotspur
34,2025-02-15,15:00,Premier League,Matchweek 25,Sat,Home,,,,Manchester Utd,,,,,,,,,Head-to-Head,,Tottenham Hotspur
35,2025-02-22,15:00,Premier League,Matchweek 26,Sat,Away,,,,Ipswich Town,,,,,,,,,Head-to-Head,,Tottenham Hotspur
36,2025-02-25,19:45,Premier League,Matchweek 27,Tue,Home,,,,Manchester City,,,,,,,,,Head-to-Head,,Tottenham Hotspur
37,2025-03-08,15:00,Premier League,Matchweek 28,Sat,Home,,,,Bournemouth,,,,,,,,,Head-to-Head,,Tottenham Hotspur
38,2025-03-15,15:00,Premier League,Matchweek 29,Sat,Away,,,,Fulham,,,,,,,,,Head-to-Head,,Tottenham Hotspur
39,2025-04-02,19:45,Premier League,Matchweek 30,Wed,Away,,,,Chelsea,,,,,,,,,Head-to-Head,,Tottenham Hotspur
40,2025-04-05,15:00,Premier League,Matchweek 31,Sat,Home,,,,Southampton,,,,,,,,,Head-to-Head,,Tottenham Hotspur
41,2025-04-12,15:00,Premier League,Matchweek 32,Sat,Away,,,,Wolves,,,,,,,,,Head-to-Head,,Tottenham Hotspur
42,2025-04-19,15:00,Premier League,Matchweek 33,Sat,Home,,,,Nott'ham Forest,,,,,,,,,Head-to-Head,,Tottenham Hotspur
43,2025-04-26,15:00,Premier League,Matchweek 34,Sat,Away,,,,Liverpool,,,,,,,,,Head-to-Head,,Tottenham Hotspur
44,2025-05-03,15:00,Premier League,Matchweek 35,Sat,Away,,,,West Ham,,,,,,,,,Head-to-Head,,Tottenham Hotspur
45,2025-05-10,15:00,Premier League,Matchweek 36,Sat,Home,,,,Crystal Palace,,,,,,,,,Head-to-Head,,Tottenham Hotspur
46,2025-05-18,15:00,Premier League,Matchweek 37,Sun,Away,,,,Aston Villa,,,,,,,,,Head-to-Head,,Tottenham Hotspur
47,2025-05-25,16:00,Premier League,Matchweek 38,Sun,Home,,,,Brighton,,,,,,,,,Head-to-Head,,Tottenham Hotspur
0,2024-08-17,15:00,Premier League,Matchweek 1,Sat,Home,W,1,0,Southampton,0.3,1.8,23.0,52196.0,Bruno Guimarães,4-3-3,3-5-2,Craig Pawson,Match Report,,Newcastle United
1,2024-08-25,14:00,Premier League,Matchweek 2,Sun,Away,D,1,1,Bournemouth,1.6,2.2,61.0,11161.0,Bruno Guimarães,4-3-3,4-2-3-1,David Coote,Match Report,,Newcastle United
3,2024-09-01,13:30,Premier League,Matchweek 3,Sun,Home,W,2,1,Tottenham,1.8,1.2,35.0,52211.0,Bruno Guimarães,4-3-3,4-2-3-1,Robert Jones,Match Report,,Newcastle United
4,2024-09-15,16:30,Premier League,Matchweek 4,Sun,Away,W,2,1,Wolves,1.5,1.2,51.0,30255.0,Bruno Guimarães,4-3-3,4-4-1-1,Chris Kavanagh,Match Report,,Newcastle United
5,2024-09-21,15:00,Premier League,Matchweek 5,Sat,Away,L,1,3,Fulham,1.5,2.2,61.0,25700.0,Bruno Guimarães,4-3-3,4-2-3-1,Peter Bankes,Match Report,,Newcastle United
6,2024-09-28,12:30,Premier League,Matchweek 6,Sat,Home,D,1,1,Manchester City,1.6,0.9,38.0,52248.0,Bruno Guimarães,4-3-3,4-2-3-1,Jarred Gillett,Match Report,,Newcastle United
8,2024-10-05,17:30,Premier League,Matchweek 7,Sat,Away,D,0,0,Everton,2.1,0.7,67.0,39265.0,Bruno Guimarães,4-3-3,4-2-3-1,Craig Pawson,Match Report,,Newcastle United
9,2024-10-19,15:00,Premier League,Matchweek 8,Sat,Home,L,0,1,Brighton,2.0,1.1,60.0,52220.0,Bruno Guimarães,4-3-3,4-4-2,Peter Bankes,Match Report,,Newcastle United
10,2024-10-27,14:00,Premier League,Matchweek 9,Sun,Away,,,,Chelsea,,,,,,,,,Head-to-Head,,Newcastle United
12,2024-11-02,12:30,Premier League,Matchweek 10,Sat,Home,,,,Arsenal,,,,,,,,,Head-to-Head,,Newcastle United
13,2024-11-10,14:00,Premier League,Matchweek 11,Sun,Away,,,,Nott'ham Forest,,,,,,,,,Head-to-Head,,Newcastle United
14,2024-11-25,20:00,Premier League,Matchweek 12,Mon,Home,,,,West Ham,,,,,,,,,Head-to-Head,,Newcastle United
15,2024-11-30,15:00,Premier League,Matchweek 13,Sat,Away,,,,Crystal Palace,,,,,,,,,Head-to-Head,,Newcastle United
16,2024-12-04,19:30,Premier League,Matchweek 14,Wed,Home,,,,Liverpool,,,,,,,,,Head-to-Head,,Newcastle United
17,2024-12-07,15:00,Premier League,Matchweek 15,Sat,Away,,,,Brentford,,,,,,,,,Head-to-Head,,Newcastle United
18,2024-12-14,15:00,Premier League,Matchweek 16,Sat,Home,,,,Leicester City,,,,,,,,,Head-to-Head,,Newcastle United
19,2024-12-21,15:00,Premier League,Matchweek 17,Sat,Away,,,,Ipswich Town,,,,,,,,,Head-to-Head,,Newcastle United
20,2024-12-26,15:00,Premier League,Matchweek 18,Thu,Home,,,,Aston Villa,,,,,,,,,Head-to-Head,,Newcastle United
21,2024-12-30,20:00,Premier League,Matchweek 19,Mon,Away,,,,Manchester Utd,,,,,,,,,Head-to-Head,,Newcastle United
22,2025-01-04,12:30,Premier League,Matchweek 20,Sat,Away,,,,Tottenham,,,,,,,,,Head-to-Head,,Newcastle United
23,2025-01-15,19:30,Premier League,Matchweek 21,Wed,Home,,,,Wolves,,,,,,,,,Head-to-Head,,Newcastle United
24,2025-01-18,12:30,Premier League,Matchweek 22,Sat,Home,,,,Bournemouth,,,,,,,,,Head-to-Head,,Newcastle United
25,2025-01-25,15:00,Premier League,Matchweek 23,Sat,Away,,,,Southampton,,,,,,,,,Head-to-Head,,Newcastle United
26,2025-02-01,15:00,Premier League,Matchweek 24,Sat,Home,,,,Fulham,,,,,,,,,Head-to-Head,,Newcastle United
27,2025-02-15,15:00,Premier League,Matchweek 25,Sat,Away,,,,Manchester City,,,,,,,,,Head-to-Head,,Newcastle United
28,2025-02-22,15:00,Premier League,Matchweek 26,Sat,Home,,,,Nott'ham Forest,,,,,,,,,Head-to-Head,,Newcastle United
29,2025-02-26,20:00,Premier League,Matchweek 27,Wed,Away,,,,Liverpool,,,,,,,,,Head-to-Head,,Newcastle United
30,2025-03-08,15:00,Premier League,Matchweek 28,Sat,Away,,,,West Ham,,,,,,,,,Head-to-Head,,Newcastle United
31,2025-03-15,15:00,Premier League,Matchweek 29,Sat,Home,,,,Crystal Palace,,,,,,,,,Head-to-Head,,Newcastle United
32,2025-04-02,19:45,Premier League,Matchweek 30,Wed,Home,,,,Brentford,,,,,,,,,Head-to-Head,,Newcastle United
33,2025-04-05,15:00,Premier League,Matchweek 31,Sat,Away,,,,Leicester City,,,,,,,,,Head-to-Head,,Newcastle United
34,2025-04-12,15:00,Premier League,Matchweek 32,Sat,Home,,,,Manchester Utd,,,,,,,,,Head-to-Head,,Newcastle United
35,2025-04-19,15:00,Premier League,Matchweek 33,Sat,Away,,,,Aston Villa,,,,,,,,,Head-to-Head,,Newcastle United
36,2025-04-26,15:00,Premier League,Matchweek 34,Sat,Home,,,,Ipswich Town,,,,,,,,,Head-to-Head,,Newcastle United
37,2025-05-03,15:00,Premier League,Matchweek 35,Sat,Away,,,,Brighton,,,,,,,,,Head-to-Head,,Newcastle United
38,2025-05-10,15:00,Premier League,Matchweek 36,Sat,Home,,,,Chelsea,,,,,,,,,Head-to-Head,,Newcastle United
39,2025-05-18,15:00,Premier League,Matchweek 37,Sun,Away,,,,Arsenal,,,,,,,,,Head-to-Head,,Newcastle United
40,2025-05-25,16:00,Premier League,Matchweek 38,Sun,Home,,,,Everton,,,,,,,,,Head-to-Head,,Newcastle United
0,2024-08-16,20:00,Premier League,Matchweek 1,Fri,Away,L,0,1,Manchester Utd,0.4,2.4,45.0,73297.0,Bernd Leno,4-2-3-1,4-2-3-1,Robert Jones,Match Report,,Fulham
1,2024-08-24,15:00,Premier League,Matchweek 2,Sat,Home,W,2,1,Leicester City,1.8,0.6,54.0,25401.0,Bernd Leno,4-2-3-1,4-2-3-1,Darren Bond,Match Report,,Fulham
3,2024-08-31,15:00,Premier League,Matchweek 3,Sat,Away,D,1,1,Ipswich Town,0.9,0.4,52.0,29517.0,Bernd Leno,4-3-3,4-2-3-1,Lewis Smith,Match Report,,Fulham
4,2024-09-14,15:00,Premier League,Matchweek 4,Sat,Home,D,1,1,West Ham,1.5,0.8,54.0,26528.0,Bernd Leno,4-2-3-1,4-2-3-1,Tim Robinson,Match Report,,Fulham
6,2024-09-21,15:00,Premier League,Matchweek 5,Sat,Home,W,3,1,Newcastle Utd,2.2,1.5,39.0,25700.0,Bernd Leno,4-2-3-1,4-3-3,Peter Bankes,Match Report,,Fulham
7,2024-09-28,15:00,Premier League,Matchweek 6,Sat,Away,W,1,0,Nott'ham Forest,1.3,0.8,59.0,30139.0,Bernd Leno,4-2-3-1,4-4-2,Joshua Smith,Match Report,,Fulham
8,2024-10-05,15:00,Premier League,Matchweek 7,Sat,Away,L,2,3,Manchester City,2.6,1.6,42.0,53017.0,Bernd Leno,5-4-1,4-1-4-1,Peter Bankes,Match Report,,Fulham
9,2024-10-19,15:00,Premier League,Matchweek 8,Sat,Home,L,1,3,Aston Villa,1.8,1.6,52.0,26743.0,Bernd Leno,4-2-3-1,4-2-3-1,Darren England,Match Report,,Fulham
10,2024-10-26,17:30,Premier League,Matchweek 9,Sat,Away,,,,Everton,,,,,,,,,Head-to-Head,,Fulham
11,2024-11-04,20:00,Premier League,Matchweek 10,Mon,Home,,,,Brentford,,,,,,,,,Head-to-Head,,Fulham
12,2024-11-09,15:00,Premier League,Matchweek 11,Sat,Away,,,,Crystal Palace,,,,,,,,,Head-to-Head,,Fulham
13,2024-11-23,15:00,Premier League,Matchweek 12,Sat,Home,,,,Wolves,,,,,,,,,Head-to-Head,,Fulham
14,2024-12-01,13:30,Premier League,Matchweek 13,Sun,Away,,,,Tottenham,,,,,,,,,Head-to-Head,,Fulham
15,2024-12-05,19:30,Premier League,Matchweek 14,Thu,Home,,,,Brighton,,,,,,,,,Head-to-Head,,Fulham
16,2024-12-08,14:00,Premier League,Matchweek 15,Sun,Home,,,,Arsenal,,,,,,,,,Head-to-Head,,Fulham
17,2024-12-14,15:00,Premier League,Matchweek 16,Sat,Away,,,,Liverpool,,,,,,,,,Head-to-Head,,Fulham
18,2024-12-22,14:00,Premier League,Matchweek 17,Sun,Home,,,,Southampton,,,,,,,,,Head-to-Head,,Fulham
19,2024-12-26,15:00,Premier League,Matchweek 18,Thu,Away,,,,Chelsea,,,,,,,,,Head-to-Head,,Fulham
20,2024-12-29,15:00,Premier League,Matchweek 19,Sun,Home,,,,Bournemouth,,,,,,,,,Head-to-Head,,Fulham
21,2025-01-05,14:00,Premier League,Matchweek 20,Sun,Home,,,,Ipswich Town,,,,,,,,,Head-to-Head,,Fulham
22,2025-01-14,19:30,Premier League,Matchweek 21,Tue,Away,,,,West Ham,,,,,,,,,Head-to-Head,,Fulham
23,2025-01-18,15:00,Premier League,Matchweek 22,Sat,Away,,,,Leicester City,,,,,,,,,Head-to-Head,,Fulham
24,2025-01-26,19:00,Premier League,Matchweek 23,Sun,Home,,,,Manchester Utd,,,,,,,,,Head-to-Head,,Fulham
25,2025-02-01,15:00,Premier League,Matchweek 24,Sat,Away,,,,Newcastle Utd,,,,,,,,,Head-to-Head,,Fulham
26,2025-02-15,15:00,Premier League,Matchweek 25,Sat,Home,,,,Nott'ham Forest,,,,,,,,,Head-to-Head,,Fulham
27,2025-02-22,15:00,Premier League,Matchweek 26,Sat,Home,,,,Crystal Palace,,,,,,,,,Head-to-Head,,Fulham
28,2025-02-25,19:45,Premier League,Matchweek 27,Tue,Away,,,,Wolves,,,,,,,,,Head-to-Head,,Fulham
29,2025-03-08,15:00,Premier League,Matchweek 28,Sat,Away,,,,Brighton,,,,,,,,,Head-to-Head,,Fulham
30,2025-03-15,15:00,Premier League,Matchweek 29,Sat,Home,,,,Tottenham,,,,,,,,,Head-to-Head,,Fulham
31,2025-04-01,19:45,Premier League,Matchweek 30,Tue,Away,,,,Arsenal,,,,,,,,,Head-to-Head,,Fulham
32,2025-04-05,15:00,Premier League,Matchweek 31,Sat,Home,,,,Liverpool,,,,,,,,,Head-to-Head,,Fulham
33,2025-04-12,15:00,Premier League,Matchweek 32,Sat,Away,,,,Bournemouth,,,,,,,,,Head-to-Head,,Fulham
34,2025-04-19,15:00,Premier League,Matchweek 33,Sat,Home,,,,Chelsea,,,,,,,,,Head-to-Head,,Fulham
35,2025-04-26,15:00,Premier League,Matchweek 34,Sat,Away,,,,Southampton,,,,,,,,,Head-to-Head,,Fulham
36,2025-05-03,15:00,Premier League,Matchweek 35,Sat,Away,,,,Aston Villa,,,,,,,,,Head-to-Head,,Fulham
37,2025-05-10,15:00,Premier League,Matchweek 36,Sat,Home,,,,Everton,,,,,,,,,Head-to-Head,,Fulham
38,2025-05-18,15:00,Premier League,Matchweek 37,Sun,Away,,,,Brentford,,,,,,,,,Head-to-Head,,Fulham
39,2025-05-25,16:00,Premier League,Matchweek 38,Sun,Home,,,,Manchester City,,,,,,,,,Head-to-Head,,Fulham
0,2024-08-17,15:00,Premier League,Matchweek 1,Sat,Away,D,1.0,1.0,Nott'ham Forest,1.2,1.3,47.0,29763.0,Neto,4-2-3-1,4-2-3-1,Michael Oliver,Match Report,,Bournemouth
1,2024-08-25,14:00,Premier League,Matchweek 2,Sun,Home,D,1.0,1.0,Newcastle Utd,2.2,1.6,39.0,11161.0,Neto,4-2-3-1,4-3-3,David Coote,Match Report,,Bournemouth
3,2024-08-31,15:00,Premier League,Matchweek 3,Sat,Away,W,3.0,2.0,Everton,2.4,1.8,53.0,38805.0,Lewis Cook,4-2-3-1,4-2-3-1,Stuart Attwell,Match Report,,Bournemouth
4,2024-09-14,20:00,Premier League,Matchweek 4,Sat,Home,L,0.0,1.0,Chelsea,1.7,0.8,34.0,11235.0,Adam Smith,4-2-3-1,4-2-3-1,Anthony Taylor,Match Report,,Bournemouth
5,2024-09-21,15:00,Premier League,Matchweek 5,Sat,Away,L,0.0,3.0,Liverpool,1.1,2.0,42.0,60347.0,Lewis Cook,4-2-3-1,4-2-3-1,Tony Harrington,Match Report,,Bournemouth
6,2024-09-30,20:00,Premier League,Matchweek 6,Mon,Home,W,3.0,1.0,Southampton,1.3,0.6,40.0,11243.0,Adam Smith,4-2-3-1,4-2-3-1,Michael Oliver,Match Report,,Bournemouth
7,2024-10-05,15:00,Premier League,Matchweek 7,Sat,Away,L,0.0,1.0,Leicester City,2.1,0.8,55.0,31706.0,Adam Smith,4-2-3-1,4-2-3-1,Darren Bond,Match Report,,Bournemouth
8,2024-10-19,17:30,Premier League,Matchweek 8,Sat,Home,W,2.0,0.0,Arsenal,1.8,0.7,49.0,11235.0,Lewis Cook,4-2-3-1,4-2-3-1,Robert Jones,Match Report,,Bournemouth
9,2024-10-26,15:00,Premier League,Matchweek 9,Sat,Away,,,,Aston Villa,,,,,,,,,Head-to-Head,,Bournemouth
10,2024-11-02,15:00,Premier League,Matchweek 10,Sat,Home,,,,Manchester City,,,,,,,,,Head-to-Head,,Bournemouth
11,2024-11-09,15:00,Premier League,Matchweek 11,Sat,Away,,,,Brentford,,,,,,,,,Head-to-Head,,Bournemouth
12,2024-11-23,15:00,Premier League,Matchweek 12,Sat,Home,,,,Brighton,,,,,,,,,Head-to-Head,,Bournemouth
13,2024-11-30,15:00,Premier League,Matchweek 13,Sat,Away,,,,Wolves,,,,,,,,,Head-to-Head,,Bournemouth
14,2024-12-05,20:15,Premier League,Matchweek 14,Thu,Home,,,,Tottenham,,,,,,,,,Head-to-Head,,Bournemouth
15,2024-12-08,14:00,Premier League,Matchweek 15,Sun,Away,,,,Ipswich Town,,,,,,,,,Head-to-Head,,Bournemouth
16,2024-12-15,14:00,Premier League,Matchweek 16,Sun,Home,,,,West Ham,,,,,,,,,Head-to-Head,,Bournemouth
17,2024-12-21,15:00,Premier League,Matchweek 17,Sat,Away,,,,Manchester Utd,,,,,,,,,Head-to-Head,,Bournemouth
18,2024-12-26,15:00,Premier League,Matchweek 18,Thu,Home,,,,Crystal Palace,,,,,,,,,Head-to-Head,,Bournemouth
19,2024-12-29,15:00,Premier League,Matchweek 19,Sun,Away,,,,Fulham,,,,,,,,,Head-to-Head,,Bournemouth
20,2025-01-04,15:00,Premier League,Matchweek 20,Sat,Home,,,,Everton,,,,,,,,,Head-to-Head,,Bournemouth
21,2025-01-14,19:30,Premier League,Matchweek 21,Tue,Away,,,,Chelsea,,,,,,,,,Head-to-Head,,Bournemouth
22,2025-01-18,12:30,Premier League,Matchweek 22,Sat,Away,,,,Newcastle Utd,,,,,,,,,Head-to-Head,,Bournemouth
23,2025-01-25,15:00,Premier League,Matchweek 23,Sat,Home,,,,Nott'ham Forest,,,,,,,,,Head-to-Head,,Bournemouth
24,2025-02-01,15:00,Premier League,Matchweek 24,Sat,Home,,,,Liverpool,,,,,,,,,Head-to-Head,,Bournemouth
25,2025-02-15,15:00,Premier League,Matchweek 25,Sat,Away,,,,Southampton,,,,,,,,,Head-to-Head,,Bournemouth
26,2025-02-22,15:00,Premier League,Matchweek 26,Sat,Home,,,,Wolves,,,,,,,,,Head-to-Head,,Bournemouth
27,2025-02-25,19:45,Premier League,Matchweek 27,Tue,Away,,,,Brighton,,,,,,,,,Head-to-Head,,Bournemouth
28,2025-03-08,15:00,Premier League,Matchweek 28,Sat,Away,,,,Tottenham,,,,,,,,,Head-to-Head,,Bournemouth
29,2025-03-15,15:00,Premier League,Matchweek 29,Sat,Home,,,,Brentford,,,,,,,,,Head-to-Head,,Bournemouth
30,2025-04-01,19:45,Premier League,Matchweek 30,Tue,Home,,,,Ipswich Town,,,,,,,,,Head-to-Head,,Bournemouth
31,2025-04-05,15:00,Premier League,Matchweek 31,Sat,Away,,,,West Ham,,,,,,,,,Head-to-Head,,Bournemouth
32,2025-04-12,15:00,Premier League,Matchweek 32,Sat,Home,,,,Fulham,,,,,,,,,Head-to-Head,,Bournemouth
33,2025-04-19,15:00,Premier League,Matchweek 33,Sat,Away,,,,Crystal Palace,,,,,,,,,Head-to-Head,,Bournemouth
34,2025-04-26,15:00,Premier League,Matchweek 34,Sat,Home,,,,Manchester Utd,,,,,,,,,Head-to-Head,,Bournemouth
35,2025-05-03,15:00,Premier League,Matchweek 35,Sat,Away,,,,Arsenal,,,,,,,,,Head-to-Head,,Bournemouth
36,2025-05-10,15:00,Premier League,Matchweek 36,Sat,Home,,,,Aston Villa,,,,,,,,,Head-to-Head,,Bournemouth
37,2025-05-18,15:00,Premier League,Matchweek 37,Sun,Away,,,,Manchester City,,,,,,,,,Head-to-Head,,Bournemouth
38,2025-05-25,16:00,Premier League,Matchweek 38,Sun,Home,,,,Leicester City,,,,,,,,,Head-to-Head,,Bournemouth
1,2024-08-16,20:00,Premier League,Matchweek 1,Fri,Home,W,1,0,Fulham,2.4,0.4,55.0,73297.0,Bruno Fernandes,4-2-3-1,4-2-3-1,Robert Jones,Match Report,,Manchester United
2,2024-08-24,12:30,Premier League,Matchweek 2,Sat,Away,L,1,2,Brighton,1.4,2.1,52.0,31537.0,Bruno Fernandes,4-2-3-1,4-2-3-1,Craig Pawson,Match Report,,Manchester United
3,2024-09-01,16:00,Premier League,Matchweek 3,Sun,Home,L,0,3,Liverpool,1.4,1.8,53.0,73738.0,Bruno Fernandes,4-2-3-1,4-2-3-1,Anthony Taylor,Match Report,,Manchester United
4,2024-09-14,12:30,Premier League,Matchweek 4,Sat,Away,W,3,0,Southampton,2.6,1.1,56.0,31144.0,Bruno Fernandes,4-2-3-1,4-2-3-1,Stuart Attwell,Match Report,,Manchester United
6,2024-09-21,17:30,Premier League,Matchweek 5,Sat,Away,D,0,0,Crystal Palace,1.6,1.0,67.0,25172.0,Bruno Fernandes,4-2-3-1,3-4-3,David Coote,Match Report,,Manchester United
8,2024-09-29,16:30,Premier League,Matchweek 6,Sun,Home,L,0,3,Tottenham,1.0,4.4,39.0,73587.0,Bruno Fernandes,4-2-3-1,4-3-3,Chris Kavanagh,Match Report,,Manchester United
10,2024-10-06,14:00,Premier League,Matchweek 7,Sun,Away,D,0,0,Aston Villa,0.6,0.5,47.0,42682.0,Bruno Fernandes,4-2-3-1,4-2-3-1,Robert Jones,Match Report,,Manchester United
11,2024-10-19,15:00,Premier League,Matchweek 8,Sat,Home,W,2,1,Brentford,1.3,0.9,50.0,73738.0,Bruno Fernandes,4-2-3-1,4-2-3-1,Samuel Barrott,Match Report,,Manchester United
13,2024-10-27,14:00,Premier League,Matchweek 9,Sun,Away,,,,West Ham,,,,,,,,,Head-to-Head,,Manchester United
15,2024-11-03,16:30,Premier League,Matchweek 10,Sun,Home,,,,Chelsea,,,,,,,,,Head-to-Head,,Manchester United
17,2024-11-10,14:00,Premier League,Matchweek 11,Sun,Home,,,,Leicester City,,,,,,,,,Head-to-Head,,Manchester United
18,2024-11-24,16:30,Premier League,Matchweek 12,Sun,Away,,,,Ipswich Town,,,,,,,,,Head-to-Head,,Manchester United
20,2024-12-01,13:30,Premier League,Matchweek 13,Sun,Home,,,,Everton,,,,,,,,,Head-to-Head,,Manchester United
21,2024-12-04,20:15,Premier League,Matchweek 14,Wed,Away,,,,Arsenal,,,,,,,,,Head-to-Head,,Manchester United
22,2024-12-07,17:30,Premier League,Matchweek 15,Sat,Home,,,,Nott'ham Forest,,,,,,,,,Head-to-Head,,Manchester United
24,2024-12-15,16:30,Premier League,Matchweek 16,Sun,Away,,,,Manchester City,,,,,,,,,Head-to-Head,,Manchester United
25,2024-12-21,15:00,Premier League,Matchweek 17,Sat,Home,,,,Bournemouth,,,,,,,,,Head-to-Head,,Manchester United
26,2024-12-26,17:30,Premier League,Matchweek 18,Thu,Away,,,,Wolves,,,,,,,,,Head-to-Head,,Manchester United
27,2024-12-30,20:00,Premier League,Matchweek 19,Mon,Home,,,,Newcastle Utd,,,,,,,,,Head-to-Head,,Manchester United
28,2025-01-05,16:30,Premier League,Matchweek 20,Sun,Away,,,,Liverpool,,,,,,,,,Head-to-Head,,Manchester United
29,2025-01-16,20:00,Premier League,Matchweek 21,Thu,Home,,,,Southampton,,,,,,,,,Head-to-Head,,Manchester United
30,2025-01-19,14:00,Premier League,Matchweek 22,Sun,Home,,,,Brighton,,,,,,,,,Head-to-Head,,Manchester United
32,2025-01-26,19:00,Premier League,Matchweek 23,Sun,Away,,,,Fulham,,,,,,,,,Head-to-Head,,Manchester United
34,2025-02-01,15:00,Premier League,Matchweek 24,Sat,Home,,,,Crystal Palace,,,,,,,,,Head-to-Head,,Manchester United
35,2025-02-15,15:00,Premier League,Matchweek 25,Sat,Away,,,,Tottenham,,,,,,,,,Head-to-Head,,Manchester United
36,2025-02-22,15:00,Premier League,Matchweek 26,Sat,Away,,,,Everton,,,,,,,,,Head-to-Head,,Manchester United
37,2025-02-26,20:00,Premier League,Matchweek 27,Wed,Home,,,,Ipswich Town,,,,,,,,,Head-to-Head,,Manchester United
38,2025-03-08,15:00,Premier League,Matchweek 28,Sat,Home,,,,Arsenal,,,,,,,,,Head-to-Head,,Manchester United
39,2025-03-15,15:00,Premier League,Matchweek 29,Sat,Away,,,,Leicester City,,,,,,,,,Head-to-Head,,Manchester United
40,2025-04-01,19:45,Premier League,Matchweek 30,Tue,Away,,,,Nott'ham Forest,,,,,,,,,Head-to-Head,,Manchester United
41,2025-04-05,15:00,Premier League,Matchweek 31,Sat,Home,,,,Manchester City,,,,,,,,,Head-to-Head,,Manchester United
42,2025-04-12,15:00,Premier League,Matchweek 32,Sat,Away,,,,Newcastle Utd,,,,,,,,,Head-to-Head,,Manchester United
43,2025-04-19,15:00,Premier League,Matchweek 33,Sat,Home,,,,Wolves,,,,,,,,,Head-to-Head,,Manchester United
44,2025-04-26,15:00,Premier League,Matchweek 34,Sat,Away,,,,Bournemouth,,,,,,,,,Head-to-Head,,Manchester United
45,2025-05-03,15:00,Premier League,Matchweek 35,Sat,Away,,,,Brentford,,,,,,,,,Head-to-Head,,Manchester United
46,2025-05-10,15:00,Premier League,Matchweek 36,Sat,Home,,,,West Ham,,,,,,,,,Head-to-Head,,Manchester United
47,2025-05-18,15:00,Premier League,Matchweek 37,Sun,Away,,,,Chelsea,,,,,,,,,Head-to-Head,,Manchester United
48,2025-05-25,16:00,Premier League,Matchweek 38,Sun,Home,,,,Aston Villa,,,,,,,,,Head-to-Head,,Manchester United
0,2024-08-18,14:00,Premier League,Matchweek 1,Sun,Home,W,2.0,1.0,Crystal Palace,1.6,1.2,46.0,16988.0,Christian Nørgaard,4-3-3,3-4-3,Samuel Barrott,Match Report,,Brentford
1,2024-08-25,16:30,Premier League,Matchweek 2,Sun,Away,L,0.0,2.0,Liverpool,0.5,2.5,38.0,60017.0,Christian Nørgaard,4-4-2,4-2-3-1,Stuart Attwell,Match Report,,Brentford
3,2024-08-31,15:00,Premier League,Matchweek 3,Sat,Home,W,3.0,1.0,Southampton,2.8,1.5,37.0,16955.0,Christian Nørgaard,4-3-3,3-5-2,Joshua Smith,Match Report,,Brentford
4,2024-09-14,15:00,Premier League,Matchweek 4,Sat,Away,L,1.0,2.0,Manchester City,1.0,2.1,46.0,52148.0,Christian Nørgaard,5-3-2,4-2-3-1,Darren Bond,Match Report,,Brentford
6,2024-09-21,15:00,Premier League,Matchweek 5,Sat,Away,L,1.0,3.0,Tottenham,0.8,3.5,52.0,61246.0,Vitaly Janelt,5-3-2,4-3-3,John Brooks,Match Report,,Brentford
7,2024-09-28,15:00,Premier League,Matchweek 6,Sat,Home,D,1.0,1.0,West Ham,0.4,1.0,57.0,17050.0,Vitaly Janelt,4-4-2,4-1-4-1,Simon Hooper,Match Report,,Brentford
8,2024-10-05,15:00,Premier League,Matchweek 7,Sat,Home,W,5.0,3.0,Wolves,4.2,1.0,44.0,16960.0,Christian Nørgaard,4-2-3-1,4-1-4-1,Andy Madley,Match Report,,Brentford
9,2024-10-19,15:00,Premier League,Matchweek 8,Sat,Away,L,1.0,2.0,Manchester Utd,0.9,1.3,50.0,73738.0,Christian Nørgaard,4-2-3-1,4-2-3-1,Samuel Barrott,Match Report,,Brentford
10,2024-10-26,15:00,Premier League,Matchweek 9,Sat,Home,,,,Ipswich Town,,,,,,,,,Head-to-Head,,Brentford
12,2024-11-04,20:00,Premier League,Matchweek 10,Mon,Away,,,,Fulham,,,,,,,,,Head-to-Head,,Brentford
13,2024-11-09,15:00,Premier League,Matchweek 11,Sat,Home,,,,Bournemouth,,,,,,,,,Head-to-Head,,Brentford
14,2024-11-23,15:00,Premier League,Matchweek 12,Sat,Away,,,,Everton,,,,,,,,,Head-to-Head,,Brentford
15,2024-11-30,15:00,Premier League,Matchweek 13,Sat,Home,,,,Leicester City,,,,,,,,,Head-to-Head,,Brentford
16,2024-12-04,20:15,Premier League,Matchweek 14,Wed,Away,,,,Aston Villa,,,,,,,,,Head-to-Head,,Brentford
17,2024-12-07,15:00,Premier League,Matchweek 15,Sat,Home,,,,Newcastle Utd,,,,,,,,,Head-to-Head,,Brentford
18,2024-12-15,19:00,Premier League,Matchweek 16,Sun,Away,,,,Chelsea,,,,,,,,,Head-to-Head,,Brentford
19,2024-12-21,15:00,Premier League,Matchweek 17,Sat,Home,,,,Nott'ham Forest,,,,,,,,,Head-to-Head,,Brentford
20,2024-12-27,19:30,Premier League,Matchweek 18,Fri,Away,,,,Brighton,,,,,,,,,Head-to-Head,,Brentford
21,2025-01-01,17:30,Premier League,Matchweek 19,Wed,Home,,,,Arsenal,,,,,,,,,Head-to-Head,,Brentford
22,2025-01-04,15:00,Premier League,Matchweek 20,Sat,Away,,,,Southampton,,,,,,,,,Head-to-Head,,Brentford
23,2025-01-14,19:30,Premier League,Matchweek 21,Tue,Home,,,,Manchester City,,,,,,,,,Head-to-Head,,Brentford
24,2025-01-18,15:00,Premier League,Matchweek 22,Sat,Home,,,,Liverpool,,,,,,,,,Head-to-Head,,Brentford
25,2025-01-26,14:00,Premier League,Matchweek 23,Sun,Away,,,,Crystal Palace,,,,,,,,,Head-to-Head,,Brentford
26,2025-02-01,15:00,Premier League,Matchweek 24,Sat,Home,,,,Tottenham,,,,,,,,,Head-to-Head,,Brentford
27,2025-02-15,15:00,Premier League,Matchweek 25,Sat,Away,,,,West Ham,,,,,,,,,Head-to-Head,,Brentford
28,2025-02-22,15:00,Premier League,Matchweek 26,Sat,Away,,,,Leicester City,,,,,,,,,Head-to-Head,,Brentford
29,2025-02-25,19:45,Premier League,Matchweek 27,Tue,Home,,,,Everton,,,,,,,,,Head-to-Head,,Brentford
30,2025-03-08,15:00,Premier League,Matchweek 28,Sat,Home,,,,Aston Villa,,,,,,,,,Head-to-Head,,Brentford
31,2025-03-15,15:00,Premier League,Matchweek 29,Sat,Away,,,,Bournemouth,,,,,,,,,Head-to-Head,,Brentford
32,2025-04-02,19:45,Premier League,Matchweek 30,Wed,Away,,,,Newcastle Utd,,,,,,,,,Head-to-Head,,Brentford
33,2025-04-05,15:00,Premier League,Matchweek 31,Sat,Home,,,,Chelsea,,,,,,,,,Head-to-Head,,Brentford
34,2025-04-12,15:00,Premier League,Matchweek 32,Sat,Away,,,,Arsenal,,,,,,,,,Head-to-Head,,Brentford
35,2025-04-19,15:00,Premier League,Matchweek 33,Sat,Home,,,,Brighton,,,,,,,,,Head-to-Head,,Brentford
36,2025-04-26,15:00,Premier League,Matchweek 34,Sat,Away,,,,Nott'ham Forest,,,,,,,,,Head-to-Head,,Brentford
37,2025-05-03,15:00,Premier League,Matchweek 35,Sat,Home,,,,Manchester Utd,,,,,,,,,Head-to-Head,,Brentford
38,2025-05-10,15:00,Premier League,Matchweek 36,Sat,Away,,,,Ipswich Town,,,,,,,,,Head-to-Head,,Brentford
39,2025-05-18,15:00,Premier League,Matchweek 37,Sun,Home,,,,Fulham,,,,,,,,,Head-to-Head,,Brentford
40,2025-05-25,16:00,Premier League,Matchweek 38,Sun,Away,,,,Wolves,,,,,,,,,Head-to-Head,,Brentford
0,2024-08-19,20:00,Premier League,Matchweek 1,Mon,Home,D,1,1,Tottenham,1.0,1.2,30.0,31977.0,Jamie Vardy,4-2-3-1,4-3-3,Chris Kavanagh,Match Report,,Leicester City
1,2024-08-24,15:00,Premier League,Matchweek 2,Sat,Away,L,1,2,Fulham,0.6,1.8,46.0,25401.0,Jamie Vardy,4-2-3-1,4-2-3-1,Darren Bond,Match Report,,Leicester City
3,2024-08-31,15:00,Premier League,Matchweek 3,Sat,Home,L,1,2,Aston Villa,0.4,1.4,57.0,31725.0,Jamie Vardy,4-2-3-1,4-4-2,David Coote,Match Report,,Leicester City
4,2024-09-14,15:00,Premier League,Matchweek 4,Sat,Away,D,2,2,Crystal Palace,1.2,2.5,34.0,25147.0,Jamie Vardy,4-2-3-1,3-4-3,Tony Harrington,Match Report,,Leicester City
5,2024-09-21,15:00,Premier League,Matchweek 5,Sat,Home,D,1,1,Everton,0.7,1.1,58.0,31765.0,Jamie Vardy,4-2-3-1,4-2-3-1,Darren England,Match Report,,Leicester City
7,2024-09-28,15:00,Premier League,Matchweek 6,Sat,Away,L,2,4,Arsenal,0.3,4.4,26.0,60323.0,Jamie Vardy,4-2-3-1,4-4-2,Samuel Barrott,Match Report,,Leicester City
8,2024-10-05,15:00,Premier League,Matchweek 7,Sat,Home,W,1,0,Bournemouth,0.8,2.1,45.0,31706.0,Jamie Vardy,4-2-3-1,4-2-3-1,Darren Bond,Match Report,,Leicester City
9,2024-10-19,15:00,Premier League,Matchweek 8,Sat,Away,W,3,2,Southampton,3.1,2.1,58.0,31145.0,Jamie Vardy,4-2-3-1,4-5-1,Anthony Taylor,Match Report,,Leicester City
10,2024-10-25,20:00,Premier League,Matchweek 9,Fri,Home,L,1,3,Nott'ham Forest,0.6,1.7,64.0,31879.0,Jamie Vardy,4-2-3-1,4-2-3-1,Craig Pawson,Match Report,,Leicester City
12,2024-11-02,15:00,Premier League,Matchweek 10,Sat,Away,,,,Ipswich Town,,,,,,,,,Head-to-Head,,Leicester City
13,2024-11-10,14:00,Premier League,Matchweek 11,Sun,Away,,,,Manchester Utd,,,,,,,,,Head-to-Head,,Leicester City
14,2024-11-23,12:30,Premier League,Matchweek 12,Sat,Home,,,,Chelsea,,,,,,,,,Head-to-Head,,Leicester City
15,2024-11-30,15:00,Premier League,Matchweek 13,Sat,Away,,,,Brentford,,,,,,,,,Head-to-Head,,Leicester City
16,2024-12-03,20:15,Premier League,Matchweek 14,Tue,Home,,,,West Ham,,,,,,,,,Head-to-Head,,Leicester City
17,2024-12-08,14:00,Premier League,Matchweek 15,Sun,Home,,,,Brighton,,,,,,,,,Head-to-Head,,Leicester City
18,2024-12-14,15:00,Premier League,Matchweek 16,Sat,Away,,,,Newcastle Utd,,,,,,,,,Head-to-Head,,Leicester City
19,2024-12-22,14:00,Premier League,Matchweek 17,Sun,Home,,,,Wolves,,,,,,,,,Head-to-Head,,Leicester City
20,2024-12-26,20:00,Premier League,Matchweek 18,Thu,Away,,,,Liverpool,,,,,,,,,Head-to-Head,,Leicester City
21,2024-12-29,14:30,Premier League,Matchweek 19,Sun,Home,,,,Manchester City,,,,,,,,,Head-to-Head,,Leicester City
22,2025-01-04,15:00,Premier League,Matchweek 20,Sat,Away,,,,Aston Villa,,,,,,,,,Head-to-Head,,Leicester City
23,2025-01-15,19:30,Premier League,Matchweek 21,Wed,Home,,,,Crystal Palace,,,,,,,,,Head-to-Head,,Leicester City
24,2025-01-18,15:00,Premier League,Matchweek 22,Sat,Home,,,,Fulham,,,,,,,,,Head-to-Head,,Leicester City
25,2025-01-26,14:00,Premier League,Matchweek 23,Sun,Away,,,,Tottenham,,,,,,,,,Head-to-Head,,Leicester City
26,2025-02-01,15:00,Premier League,Matchweek 24,Sat,Away,,,,Everton,,,,,,,,,Head-to-Head,,Leicester City
27,2025-02-15,15:00,Premier League,Matchweek 25,Sat,Home,,,,Arsenal,,,,,,,,,Head-to-Head,,Leicester City
28,2025-02-22,15:00,Premier League,Matchweek 26,Sat,Home,,,,Brentford,,,,,,,,,Head-to-Head,,Leicester City
29,2025-02-25,19:45,Premier League,Matchweek 27,Tue,Away,,,,West Ham,,,,,,,,,Head-to-Head,,Leicester City
30,2025-03-08,15:00,Premier League,Matchweek 28,Sat,Away,,,,Chelsea,,,,,,,,,Head-to-Head,,Leicester City
31,2025-03-15,15:00,Premier League,Matchweek 29,Sat,Home,,,,Manchester Utd,,,,,,,,,Head-to-Head,,Leicester City
32,2025-04-02,19:45,Premier League,Matchweek 30,Wed,Away,,,,Manchester City,,,,,,,,,Head-to-Head,,Leicester City
33,2025-04-05,15:00,Premier League,Matchweek 31,Sat,Home,,,,Newcastle Utd,,,,,,,,,Head-to-Head,,Leicester City
34,2025-04-12,15:00,Premier League,Matchweek 32,Sat,Away,,,,Brighton,,,,,,,,,Head-to-Head,,Leicester City
35,2025-04-19,15:00,Premier League,Matchweek 33,Sat,Home,,,,Liverpool,,,,,,,,,Head-to-Head,,Leicester City
36,2025-04-26,15:00,Premier League,Matchweek 34,Sat,Away,,,,Wolves,,,,,,,,,Head-to-Head,,Leicester City
37,2025-05-03,15:00,Premier League,Matchweek 35,Sat,Home,,,,Southampton,,,,,,,,,Head-to-Head,,Leicester City
38,2025-05-10,15:00,Premier League,Matchweek 36,Sat,Away,,,,Nott'ham Forest,,,,,,,,,Head-to-Head,,Leicester City
39,2025-05-18,15:00,Premier League,Matchweek 37,Sun,Home,,,,Ipswich Town,,,,,,,,,Head-to-Head,,Leicester City
40,2025-05-25,16:00,Premier League,Matchweek 38,Sun,Away,,,,Bournemouth,,,,,,,,,Head-to-Head,,Leicester City
0,2024-08-17,17:30,Premier League,Matchweek 1,Sat,Home,L,1.0,2.0,Aston Villa,2.3,2.0,52.0,62463.0,Jarrod Bowen,4-1-4-1,4-2-3-1,Tony Harrington,Match Report,,West Ham United
1,2024-08-24,15:00,Premier League,Matchweek 2,Sat,Away,W,2.0,0.0,Crystal Palace,1.4,1.3,42.0,25099.0,Jarrod Bowen,4-1-4-1,3-4-3,Robert Jones,Match Report,,West Ham United
3,2024-08-31,17:30,Premier League,Matchweek 3,Sat,Home,L,1.0,3.0,Manchester City,0.7,3.0,33.0,62469.0,Jarrod Bowen,4-2-3-1,3-2-4-1,Michael Oliver,Match Report,,West Ham United
4,2024-09-14,15:00,Premier League,Matchweek 4,Sat,Away,D,1.0,1.0,Fulham,0.8,1.5,46.0,26528.0,Jarrod Bowen,4-2-3-1,4-2-3-1,Tim Robinson,Match Report,,West Ham United
5,2024-09-21,12:30,Premier League,Matchweek 5,Sat,Home,L,0.0,3.0,Chelsea,0.9,2.2,53.0,62473.0,Jarrod Bowen,3-4-3,4-2-3-1,Samuel Barrott,Match Report,,West Ham United
7,2024-09-28,15:00,Premier League,Matchweek 6,Sat,Away,D,1.0,1.0,Brentford,1.0,0.4,43.0,17050.0,Jarrod Bowen,4-1-4-1,4-4-2,Simon Hooper,Match Report,,West Ham United
8,2024-10-05,15:00,Premier League,Matchweek 7,Sat,Home,W,4.0,1.0,Ipswich Town,3.6,0.6,52.0,62467.0,Jarrod Bowen,4-1-4-1,4-2-3-1,Anthony Taylor,Match Report,,West Ham United
9,2024-10-19,12:30,Premier League,Matchweek 8,Sat,Away,L,1.0,4.0,Tottenham,0.8,1.9,43.0,61381.0,Jarrod Bowen,4-1-4-1,4-3-3,Andy Madley,Match Report,,West Ham United
10,2024-10-27,14:00,Premier League,Matchweek 9,Sun,Home,,,,Manchester Utd,,,,,,,,,Head-to-Head,,West Ham United
11,2024-11-02,15:00,Premier League,Matchweek 10,Sat,Away,,,,Nott'ham Forest,,,,,,,,,Head-to-Head,,West Ham United
12,2024-11-09,15:00,Premier League,Matchweek 11,Sat,Home,,,,Everton,,,,,,,,,Head-to-Head,,West Ham United
13,2024-11-25,20:00,Premier League,Matchweek 12,Mon,Away,,,,Newcastle Utd,,,,,,,,,Head-to-Head,,West Ham United
14,2024-11-30,17:30,Premier League,Matchweek 13,Sat,Home,,,,Arsenal,,,,,,,,,Head-to-Head,,West Ham United
15,2024-12-03,20:15,Premier League,Matchweek 14,Tue,Away,,,,Leicester City,,,,,,,,,Head-to-Head,,West Ham United
16,2024-12-09,20:00,Premier League,Matchweek 15,Mon,Home,,,,Wolves,,,,,,,,,Head-to-Head,,West Ham United
17,2024-12-15,14:00,Premier League,Matchweek 16,Sun,Away,,,,Bournemouth,,,,,,,,,Head-to-Head,,West Ham United
18,2024-12-21,15:00,Premier League,Matchweek 17,Sat,Home,,,,Brighton,,,,,,,,,Head-to-Head,,West Ham United
19,2024-12-26,15:00,Premier League,Matchweek 18,Thu,Away,,,,Southampton,,,,,,,,,Head-to-Head,,West Ham United
20,2024-12-29,17:15,Premier League,Matchweek 19,Sun,Home,,,,Liverpool,,,,,,,,,Head-to-Head,,West Ham United
21,2025-01-04,15:00,Premier League,Matchweek 20,Sat,Away,,,,Manchester City,,,,,,,,,Head-to-Head,,West Ham United
22,2025-01-14,19:30,Premier League,Matchweek 21,Tue,Home,,,,Fulham,,,,,,,,,Head-to-Head,,West Ham United
23,2025-01-18,15:00,Premier League,Matchweek 22,Sat,Home,,,,Crystal Palace,,,,,,,,,Head-to-Head,,West Ham United
24,2025-01-26,16:30,Premier League,Matchweek 23,Sun,Away,,,,Aston Villa,,,,,,,,,Head-to-Head,,West Ham United
25,2025-02-01,15:00,Premier League,Matchweek 24,Sat,Away,,,,Chelsea,,,,,,,,,Head-to-Head,,West Ham United
26,2025-02-15,15:00,Premier League,Matchweek 25,Sat,Home,,,,Brentford,,,,,,,,,Head-to-Head,,West Ham United
27,2025-02-22,15:00,Premier League,Matchweek 26,Sat,Away,,,,Arsenal,,,,,,,,,Head-to-Head,,West Ham United
28,2025-02-25,19:45,Premier League,Matchweek 27,Tue,Home,,,,Leicester City,,,,,,,,,Head-to-Head,,West Ham United
29,2025-03-08,15:00,Premier League,Matchweek 28,Sat,Home,,,,Newcastle Utd,,,,,,,,,Head-to-Head,,West Ham United
30,2025-03-15,15:00,Premier League,Matchweek 29,Sat,Away,,,,Everton,,,,,,,,,Head-to-Head,,West Ham United
31,2025-04-01,19:45,Premier League,Matchweek 30,Tue,Away,,,,Wolves,,,,,,,,,Head-to-Head,,West Ham United
32,2025-04-05,15:00,Premier League,Matchweek 31,Sat,Home,,,,Bournemouth,,,,,,,,,Head-to-Head,,West Ham United
33,2025-04-12,15:00,Premier League,Matchweek 32,Sat,Away,,,,Liverpool,,,,,,,,,Head-to-Head,,West Ham United
34,2025-04-19,15:00,Premier League,Matchweek 33,Sat,Home,,,,Southampton,,,,,,,,,Head-to-Head,,West Ham United
35,2025-04-26,15:00,Premier League,Matchweek 34,Sat,Away,,,,Brighton,,,,,,,,,Head-to-Head,,West Ham United
36,2025-05-03,15:00,Premier League,Matchweek 35,Sat,Home,,,,Tottenham,,,,,,,,,Head-to-Head,,West Ham United
37,2025-05-10,15:00,Premier League,Matchweek 36,Sat,Away,,,,Manchester Utd,,,,,,,,,Head-to-Head,,West Ham United
38,2025-05-18,15:00,Premier League,Matchweek 37,Sun,Home,,,,Nott'ham Forest,,,,,,,,,Head-to-Head,,West Ham United
39,2025-05-25,16:00,Premier League,Matchweek 38,Sun,Away,,,,Ipswich Town,,,,,,,,,Head-to-Head,,West Ham United
0,2024-08-17,15:00,Premier League,Matchweek 1,Sat,Home,L,0,3,Brighton,0.5,1.4,40.0,39217.0,James Tarkowski,4-2-3-1,4-2-3-1,Simon Hooper,Match Report,,Everton
1,2024-08-24,15:00,Premier League,Matchweek 2,Sat,Away,L,0,4,Tottenham,1.0,2.4,30.0,61357.0,James Tarkowski,4-2-3-1,4-3-3,Anthony Taylor,Match Report,,Everton
3,2024-08-31,15:00,Premier League,Matchweek 3,Sat,Home,L,2,3,Bournemouth,1.8,2.4,47.0,38805.0,Séamus Coleman,4-2-3-1,4-2-3-1,Stuart Attwell,Match Report,,Everton
4,2024-09-14,17:30,Premier League,Matchweek 4,Sat,Away,L,2,3,Aston Villa,0.9,2.1,28.0,41573.0,James Tarkowski,4-2-3-1,4-2-3-1,Craig Pawson,Match Report,,Everton
6,2024-09-21,15:00,Premier League,Matchweek 5,Sat,Away,D,1,1,Leicester City,1.1,0.7,42.0,31765.0,James Tarkowski,4-2-3-1,4-2-3-1,Darren England,Match Report,,Everton
7,2024-09-28,15:00,Premier League,Matchweek 6,Sat,Home,W,2,1,Crystal Palace,0.9,0.9,41.0,38954.0,James Tarkowski,4-2-3-1,3-4-3,Andy Madley,Match Report,,Everton
8,2024-10-05,17:30,Premier League,Matchweek 7,Sat,Home,D,0,0,Newcastle Utd,0.7,2.1,33.0,39265.0,James Tarkowski,4-2-3-1,4-3-3,Craig Pawson,Match Report,,Everton
9,2024-10-19,15:00,Premier League,Matchweek 8,Sat,Away,W,2,0,Ipswich Town,1.7,1.3,45.0,29862.0,James Tarkowski,4-2-3-1,4-2-3-1,Michael Oliver,Match Report,,Everton
10,2024-10-26,17:30,Premier League,Matchweek 9,Sat,Home,,,,Fulham,,,,,,,,,Head-to-Head,,Everton
11,2024-11-02,15:00,Premier League,Matchweek 10,Sat,Away,,,,Southampton,,,,,,,,,Head-to-Head,,Everton
12,2024-11-09,15:00,Premier League,Matchweek 11,Sat,Away,,,,West Ham,,,,,,,,,Head-to-Head,,Everton
13,2024-11-23,15:00,Premier League,Matchweek 12,Sat,Home,,,,Brentford,,,,,,,,,Head-to-Head,,Everton
14,2024-12-01,13:30,Premier League,Matchweek 13,Sun,Away,,,,Manchester Utd,,,,,,,,,Head-to-Head,,Everton
15,2024-12-04,19:30,Premier League,Matchweek 14,Wed,Home,,,,Wolves,,,,,,,,,Head-to-Head,,Everton
16,2024-12-07,12:30,Premier League,Matchweek 15,Sat,Home,,,,Liverpool,,,,,,,,,Head-to-Head,,Everton
17,2024-12-14,15:00,Premier League,Matchweek 16,Sat,Away,,,,Arsenal,,,,,,,,,Head-to-Head,,Everton
18,2024-12-22,14:00,Premier League,Matchweek 17,Sun,Home,,,,Chelsea,,,,,,,,,Head-to-Head,,Everton
19,2024-12-26,12:30,Premier League,Matchweek 18,Thu,Away,,,,Manchester City,,,,,,,,,Head-to-Head,,Everton
20,2024-12-29,15:00,Premier League,Matchweek 19,Sun,Home,,,,Nott'ham Forest,,,,,,,,,Head-to-Head,,Everton
21,2025-01-04,15:00,Premier League,Matchweek 20,Sat,Away,,,,Bournemouth,,,,,,,,,Head-to-Head,,Everton
22,2025-01-15,19:30,Premier League,Matchweek 21,Wed,Home,,,,Aston Villa,,,,,,,,,Head-to-Head,,Everton
23,2025-01-19,14:00,Premier League,Matchweek 22,Sun,Home,,,,Tottenham,,,,,,,,,Head-to-Head,,Everton
24,2025-01-25,15:00,Premier League,Matchweek 23,Sat,Away,,,,Brighton,,,,,,,,,Head-to-Head,,Everton
25,2025-02-01,15:00,Premier League,Matchweek 24,Sat,Home,,,,Leicester City,,,,,,,,,Head-to-Head,,Everton
26,2025-02-15,15:00,Premier League,Matchweek 25,Sat,Away,,,,Crystal Palace,,,,,,,,,Head-to-Head,,Everton
27,2025-02-22,15:00,Premier League,Matchweek 26,Sat,Home,,,,Manchester Utd,,,,,,,,,Head-to-Head,,Everton
28,2025-02-25,19:45,Premier League,Matchweek 27,Tue,Away,,,,Brentford,,,,,,,,,Head-to-Head,,Everton
29,2025-03-08,15:00,Premier League,Matchweek 28,Sat,Away,,,,Wolves,,,,,,,,,Head-to-Head,,Everton
30,2025-03-15,15:00,Premier League,Matchweek 29,Sat,Home,,,,West Ham,,,,,,,,,Head-to-Head,,Everton
31,2025-04-02,20:00,Premier League,Matchweek 30,Wed,Away,,,,Liverpool,,,,,,,,,Head-to-Head,,Everton
32,2025-04-05,15:00,Premier League,Matchweek 31,Sat,Home,,,,Arsenal,,,,,,,,,Head-to-Head,,Everton
33,2025-04-12,15:00,Premier League,Matchweek 32,Sat,Away,,,,Nott'ham Forest,,,,,,,,,Head-to-Head,,Everton
34,2025-04-19,15:00,Premier League,Matchweek 33,Sat,Home,,,,Manchester City,,,,,,,,,Head-to-Head,,Everton
35,2025-04-26,15:00,Premier League,Matchweek 34,Sat,Away,,,,Chelsea,,,,,,,,,Head-to-Head,,Everton
36,2025-05-03,15:00,Premier League,Matchweek 35,Sat,Home,,,,Ipswich Town,,,,,,,,,Head-to-Head,,Everton
37,2025-05-10,15:00,Premier League,Matchweek 36,Sat,Away,,,,Fulham,,,,,,,,,Head-to-Head,,Everton
38,2025-05-18,15:00,Premier League,Matchweek 37,Sun,Home,,,,Southampton,,,,,,,,,Head-to-Head,,Everton
39,2025-05-25,16:00,Premier League,Matchweek 38,Sun,Away,,,,Newcastle Utd,,,,,,,,,Head-to-Head,,Everton
0,2024-08-17,12:30,Premier League,Matchweek 1,Sat,Home,L,0,2,Liverpool,0.5,2.6,38.0,30014.0,Sam Morsy,4-2-3-1,4-2-3-1,Tim Robinson,Match Report,,Ipswich Town
1,2024-08-24,15:00,Premier League,Matchweek 2,Sat,Away,L,1,4,Manchester City,0.3,3.3,25.0,53147.0,Sam Morsy,5-4-1,3-2-4-1,Samuel Allison,Match Report,,Ipswich Town
3,2024-08-31,15:00,Premier League,Matchweek 3,Sat,Home,D,1,1,Fulham,0.4,0.9,48.0,29517.0,Sam Morsy,4-2-3-1,4-3-3,Lewis Smith,Match Report,,Ipswich Town
4,2024-09-14,15:00,Premier League,Matchweek 4,Sat,Away,D,0,0,Brighton,0.3,1.6,32.0,41573.0,Sam Morsy,4-2-3-1,4-4-2,Samuel Barrott,Match Report,,Ipswich Town
5,2024-09-21,15:00,Premier League,Matchweek 5,Sat,Away,D,1,1,Southampton,1.6,2.4,47.0,31117.0,Sam Morsy,4-2-3-1,4-2-3-1,Samuel Allison,Match Report,,Ipswich Town
6,2024-09-29,14:00,Premier League,Matchweek 6,Sun,Home,D,2,2,Aston Villa,1.2,0.8,44.0,29943.0,Sam Morsy,4-2-3-1,4-2-3-1,Stuart Attwell,Match Report,,Ipswich Town
7,2024-10-05,15:00,Premier League,Matchweek 7,Sat,Away,L,1,4,West Ham,0.6,3.6,48.0,62467.0,Sam Morsy,4-2-3-1,4-1-4-1,Anthony Taylor,Match Report,,Ipswich Town
8,2024-10-19,15:00,Premier League,Matchweek 8,Sat,Home,L,0,2,Everton,1.3,1.7,55.0,29862.0,Sam Morsy,4-2-3-1,4-2-3-1,Michael Oliver,Match Report,,Ipswich Town
9,2024-10-26,15:00,Premier League,Matchweek 9,Sat,Away,,,,Brentford,,,,,,,,,Head-to-Head,,Ipswich Town
10,2024-11-02,15:00,Premier League,Matchweek 10,Sat,Home,,,,Leicester City,,,,,,,,,Head-to-Head,,Ipswich Town
11,2024-11-10,14:00,Premier League,Matchweek 11,Sun,Away,,,,Tottenham,,,,,,,,,Head-to-Head,,Ipswich Town
12,2024-11-24,16:30,Premier League,Matchweek 12,Sun,Home,,,,Manchester Utd,,,,,,,,,Head-to-Head,,Ipswich Town
13,2024-11-30,15:00,Premier League,Matchweek 13,Sat,Away,,,,Nott'ham Forest,,,,,,,,,Head-to-Head,,Ipswich Town
14,2024-12-03,19:30,Premier League,Matchweek 14,Tue,Home,,,,Crystal Palace,,,,,,,,,Head-to-Head,,Ipswich Town
15,2024-12-08,14:00,Premier League,Matchweek 15,Sun,Home,,,,Bournemouth,,,,,,,,,Head-to-Head,,Ipswich Town
16,2024-12-14,15:00,Premier League,Matchweek 16,Sat,Away,,,,Wolves,,,,,,,,,Head-to-Head,,Ipswich Town
17,2024-12-21,15:00,Premier League,Matchweek 17,Sat,Home,,,,Newcastle Utd,,,,,,,,,Head-to-Head,,Ipswich Town
18,2024-12-27,20:15,Premier League,Matchweek 18,Fri,Away,,,,Arsenal,,,,,,,,,Head-to-Head,,Ipswich Town
19,2024-12-30,19:45,Premier League,Matchweek 19,Mon,Home,,,,Chelsea,,,,,,,,,Head-to-Head,,Ipswich Town
20,2025-01-05,14:00,Premier League,Matchweek 20,Sun,Away,,,,Fulham,,,,,,,,,Head-to-Head,,Ipswich Town
21,2025-01-16,19:30,Premier League,Matchweek 21,Thu,Home,,,,Brighton,,,,,,,,,Head-to-Head,,Ipswich Town
22,2025-01-19,16:30,Premier League,Matchweek 22,Sun,Home,,,,Manchester City,,,,,,,,,Head-to-Head,,Ipswich Town
23,2025-01-25,15:00,Premier League,Matchweek 23,Sat,Away,,,,Liverpool,,,,,,,,,Head-to-Head,,Ipswich Town
24,2025-02-01,15:00,Premier League,Matchweek 24,Sat,Home,,,,Southampton,,,,,,,,,Head-to-Head,,Ipswich Town
25,2025-02-15,15:00,Premier League,Matchweek 25,Sat,Away,,,,Aston Villa,,,,,,,,,Head-to-Head,,Ipswich Town
26,2025-02-22,15:00,Premier League,Matchweek 26,Sat,Home,,,,Tottenham,,,,,,,,,Head-to-Head,,Ipswich Town
27,2025-02-26,20:00,Premier League,Matchweek 27,Wed,Away,,,,Manchester Utd,,,,,,,,,Head-to-Head,,Ipswich Town
28,2025-03-08,15:00,Premier League,Matchweek 28,Sat,Away,,,,Crystal Palace,,,,,,,,,Head-to-Head,,Ipswich Town
29,2025-03-15,15:00,Premier League,Matchweek 29,Sat,Home,,,,Nott'ham Forest,,,,,,,,,Head-to-Head,,Ipswich Town
30,2025-04-01,19:45,Premier League,Matchweek 30,Tue,Away,,,,Bournemouth,,,,,,,,,Head-to-Head,,Ipswich Town
31,2025-04-05,15:00,Premier League,Matchweek 31,Sat,Home,,,,Wolves,,,,,,,,,Head-to-Head,,Ipswich Town
32,2025-04-12,15:00,Premier League,Matchweek 32,Sat,Away,,,,Chelsea,,,,,,,,,Head-to-Head,,Ipswich Town
33,2025-04-19,15:00,Premier League,Matchweek 33,Sat,Home,,,,Arsenal,,,,,,,,,Head-to-Head,,Ipswich Town
34,2025-04-26,15:00,Premier League,Matchweek 34,Sat,Away,,,,Newcastle Utd,,,,,,,,,Head-to-Head,,Ipswich Town
35,2025-05-03,15:00,Premier League,Matchweek 35,Sat,Away,,,,Everton,,,,,,,,,Head-to-Head,,Ipswich Town
36,2025-05-10,15:00,Premier League,Matchweek 36,Sat,Home,,,,Brentford,,,,,,,,,Head-to-Head,,Ipswich Town
37,2025-05-18,15:00,Premier League,Matchweek 37,Sun,Away,,,,Leicester City,,,,,,,,,Head-to-Head,,Ipswich Town
38,2025-05-25,16:00,Premier League,Matchweek 38,Sun,Home,,,,West Ham,,,,,,,,,Head-to-Head,,Ipswich Town
0,2024-08-18,14:00,Premier League,Matchweek 1,Sun,Away,L,1.0,2.0,Brentford,1.2,1.6,54.0,16988.0,Marc Guéhi,3-4-3,4-3-3,Samuel Barrott,Match Report,,Crystal Palace
1,2024-08-24,15:00,Premier League,Matchweek 2,Sat,Home,L,0.0,2.0,West Ham,1.3,1.4,58.0,25099.0,Marc Guéhi,3-4-3,4-1-4-1,Robert Jones,Match Report,,Crystal Palace
3,2024-09-01,13:30,Premier League,Matchweek 3,Sun,Away,D,1.0,1.0,Chelsea,0.5,2.4,38.0,39298.0,Marc Guéhi,3-4-3,4-2-3-1,Jarred Gillett,Match Report,,Crystal Palace
4,2024-09-14,15:00,Premier League,Matchweek 4,Sat,Home,D,2.0,2.0,Leicester City,2.5,1.2,66.0,25147.0,Marc Guéhi,3-4-3,4-2-3-1,Tony Harrington,Match Report,,Crystal Palace
6,2024-09-21,17:30,Premier League,Matchweek 5,Sat,Home,D,0.0,0.0,Manchester Utd,1.0,1.6,33.0,25172.0,Marc Guéhi,3-4-3,4-2-3-1,David Coote,Match Report,,Crystal Palace
7,2024-09-28,15:00,Premier League,Matchweek 6,Sat,Away,L,1.0,2.0,Everton,0.9,0.9,59.0,38954.0,Marc Guéhi,3-4-3,4-2-3-1,Andy Madley,Match Report,,Crystal Palace
8,2024-10-05,12:30,Premier League,Matchweek 7,Sat,Home,L,0.0,1.0,Liverpool,0.6,1.4,32.0,25185.0,Marc Guéhi,3-4-3,4-2-3-1,Simon Hooper,Match Report,,Crystal Palace
9,2024-10-21,20:00,Premier League,Matchweek 8,Mon,Away,L,0.0,1.0,Nott'ham Forest,1.0,1.7,49.0,29443.0,Marc Guéhi,3-1-4-2,4-2-3-1,Tim Robinson,Match Report,,Crystal Palace
10,2024-10-27,14:00,Premier League,Matchweek 9,Sun,Home,,,,Tottenham,,,,,,,,,Head-to-Head,,Crystal Palace
12,2024-11-02,17:30,Premier League,Matchweek 10,Sat,Away,,,,Wolves,,,,,,,,,Head-to-Head,,Crystal Palace
13,2024-11-09,15:00,Premier League,Matchweek 11,Sat,Home,,,,Fulham,,,,,,,,,Head-to-Head,,Crystal Palace
14,2024-11-23,15:00,Premier League,Matchweek 12,Sat,Away,,,,Aston Villa,,,,,,,,,Head-to-Head,,Crystal Palace
15,2024-11-30,15:00,Premier League,Matchweek 13,Sat,Home,,,,Newcastle Utd,,,,,,,,,Head-to-Head,,Crystal Palace
16,2024-12-03,19:30,Premier League,Matchweek 14,Tue,Away,,,,Ipswich Town,,,,,,,,,Head-to-Head,,Crystal Palace
17,2024-12-07,15:00,Premier League,Matchweek 15,Sat,Home,,,,Manchester City,,,,,,,,,Head-to-Head,,Crystal Palace
18,2024-12-16,20:00,Premier League,Matchweek 16,Mon,Away,,,,Brighton,,,,,,,,,Head-to-Head,,Crystal Palace
19,2024-12-21,17:30,Premier League,Matchweek 17,Sat,Home,,,,Arsenal,,,,,,,,,Head-to-Head,,Crystal Palace
20,2024-12-26,15:00,Premier League,Matchweek 18,Thu,Away,,,,Bournemouth,,,,,,,,,Head-to-Head,,Crystal Palace
21,2024-12-29,15:00,Premier League,Matchweek 19,Sun,Home,,,,Southampton,,,,,,,,,Head-to-Head,,Crystal Palace
22,2025-01-04,15:00,Premier League,Matchweek 20,Sat,Home,,,,Chelsea,,,,,,,,,Head-to-Head,,Crystal Palace
23,2025-01-15,19:30,Premier League,Matchweek 21,Wed,Away,,,,Leicester City,,,,,,,,,Head-to-Head,,Crystal Palace
24,2025-01-18,15:00,Premier League,Matchweek 22,Sat,Away,,,,West Ham,,,,,,,,,Head-to-Head,,Crystal Palace
25,2025-01-26,14:00,Premier League,Matchweek 23,Sun,Home,,,,Brentford,,,,,,,,,Head-to-Head,,Crystal Palace
26,2025-02-01,15:00,Premier League,Matchweek 24,Sat,Away,,,,Manchester Utd,,,,,,,,,Head-to-Head,,Crystal Palace
27,2025-02-15,15:00,Premier League,Matchweek 25,Sat,Home,,,,Everton,,,,,,,,,Head-to-Head,,Crystal Palace
28,2025-02-22,15:00,Premier League,Matchweek 26,Sat,Away,,,,Fulham,,,,,,,,,Head-to-Head,,Crystal Palace
29,2025-02-25,20:00,Premier League,Matchweek 27,Tue,Home,,,,Aston Villa,,,,,,,,,Head-to-Head,,Crystal Palace
30,2025-03-08,15:00,Premier League,Matchweek 28,Sat,Home,,,,Ipswich Town,,,,,,,,,Head-to-Head,,Crystal Palace
31,2025-03-15,15:00,Premier League,Matchweek 29,Sat,Away,,,,Newcastle Utd,,,,,,,,,Head-to-Head,,Crystal Palace
32,2025-04-02,19:45,Premier League,Matchweek 30,Wed,Away,,,,Southampton,,,,,,,,,Head-to-Head,,Crystal Palace
33,2025-04-05,15:00,Premier League,Matchweek 31,Sat,Home,,,,Brighton,,,,,,,,,Head-to-Head,,Crystal Palace
34,2025-04-12,15:00,Premier League,Matchweek 32,Sat,Away,,,,Manchester City,,,,,,,,,Head-to-Head,,Crystal Palace
35,2025-04-19,15:00,Premier League,Matchweek 33,Sat,Home,,,,Bournemouth,,,,,,,,,Head-to-Head,,Crystal Palace
36,2025-04-26,15:00,Premier League,Matchweek 34,Sat,Away,,,,Arsenal,,,,,,,,,Head-to-Head,,Crystal Palace
37,2025-05-03,15:00,Premier League,Matchweek 35,Sat,Home,,,,Nott'ham Forest,,,,,,,,,Head-to-Head,,Crystal Palace
38,2025-05-10,15:00,Premier League,Matchweek 36,Sat,Away,,,,Tottenham,,,,,,,,,Head-to-Head,,Crystal Palace
39,2025-05-18,15:00,Premier League,Matchweek 37,Sun,Home,,,,Wolves,,,,,,,,,Head-to-Head,,Crystal Palace
40,2025-05-25,16:00,Premier League,Matchweek 38,Sun,Away,,,,Liverpool,,,,,,,,,Head-to-Head,,Crystal Palace
0,2024-08-17,15:00,Premier League,Matchweek 1,Sat,Away,L,0,1,Newcastle Utd,1.8,0.3,77.0,52196.0,Jack Stephens,3-5-2,4-3-3,Craig Pawson,Match Report,,Southampton
1,2024-08-24,15:00,Premier League,Matchweek 2,Sat,Home,L,0,1,Nott'ham Forest,0.1,2.2,64.0,31150.0,Jack Stephens,3-5-2,4-2-3-1,Samuel Barrott,Match Report,,Southampton
3,2024-08-31,15:00,Premier League,Matchweek 3,Sat,Away,L,1,3,Brentford,1.5,2.8,63.0,16955.0,Jack Stephens,3-5-2,4-3-3,Joshua Smith,Match Report,,Southampton
4,2024-09-14,12:30,Premier League,Matchweek 4,Sat,Home,L,0,3,Manchester Utd,1.1,2.6,44.0,31144.0,Jack Stephens,4-2-3-1,4-2-3-1,Stuart Attwell,Match Report,,Southampton
6,2024-09-21,15:00,Premier League,Matchweek 5,Sat,Home,D,1,1,Ipswich Town,2.4,1.6,53.0,31117.0,Flynn Downes,4-2-3-1,4-2-3-1,Samuel Allison,Match Report,,Southampton
7,2024-09-30,20:00,Premier League,Matchweek 6,Mon,Away,L,1,3,Bournemouth,0.6,1.3,60.0,11243.0,Flynn Downes,4-2-3-1,4-2-3-1,Michael Oliver,Match Report,,Southampton
8,2024-10-05,15:00,Premier League,Matchweek 7,Sat,Away,L,1,3,Arsenal,0.6,2.8,41.0,60307.0,Flynn Downes,5-4-1,4-4-2,Tony Harrington,Match Report,,Southampton
9,2024-10-19,15:00,Premier League,Matchweek 8,Sat,Home,L,2,3,Leicester City,2.1,3.1,42.0,31145.0,Flynn Downes,4-5-1,4-2-3-1,Anthony Taylor,Match Report,,Southampton
10,2024-10-26,15:00,Premier League,Matchweek 9,Sat,Away,,,,Manchester City,,,,,,,,,Head-to-Head,,Southampton
12,2024-11-02,15:00,Premier League,Matchweek 10,Sat,Home,,,,Everton,,,,,,,,,Head-to-Head,,Southampton
13,2024-11-09,15:00,Premier League,Matchweek 11,Sat,Away,,,,Wolves,,,,,,,,,Head-to-Head,,Southampton
14,2024-11-24,14:00,Premier League,Matchweek 12,Sun,Home,,,,Liverpool,,,,,,,,,Head-to-Head,,Southampton
15,2024-11-29,20:00,Premier League,Matchweek 13,Fri,Away,,,,Brighton,,,,,,,,,Head-to-Head,,Southampton
16,2024-12-04,19:30,Premier League,Matchweek 14,Wed,Home,,,,Chelsea,,,,,,,,,Head-to-Head,,Southampton
17,2024-12-07,15:00,Premier League,Matchweek 15,Sat,Away,,,,Aston Villa,,,,,,,,,Head-to-Head,,Southampton
18,2024-12-15,19:00,Premier League,Matchweek 16,Sun,Home,,,,Tottenham,,,,,,,,,Head-to-Head,,Southampton
19,2024-12-22,14:00,Premier League,Matchweek 17,Sun,Away,,,,Fulham,,,,,,,,,Head-to-Head,,Southampton
20,2024-12-26,15:00,Premier League,Matchweek 18,Thu,Home,,,,West Ham,,,,,,,,,Head-to-Head,,Southampton
21,2024-12-29,15:00,Premier League,Matchweek 19,Sun,Away,,,,Crystal Palace,,,,,,,,,Head-to-Head,,Southampton
22,2025-01-04,15:00,Premier League,Matchweek 20,Sat,Home,,,,Brentford,,,,,,,,,Head-to-Head,,Southampton
23,2025-01-16,20:00,Premier League,Matchweek 21,Thu,Away,,,,Manchester Utd,,,,,,,,,Head-to-Head,,Southampton
24,2025-01-19,14:00,Premier League,Matchweek 22,Sun,Away,,,,Nott'ham Forest,,,,,,,,,Head-to-Head,,Southampton
25,2025-01-25,15:00,Premier League,Matchweek 23,Sat,Home,,,,Newcastle Utd,,,,,,,,,Head-to-Head,,Southampton
26,2025-02-01,15:00,Premier League,Matchweek 24,Sat,Away,,,,Ipswich Town,,,,,,,,,Head-to-Head,,Southampton
27,2025-02-15,15:00,Premier League,Matchweek 25,Sat,Home,,,,Bournemouth,,,,,,,,,Head-to-Head,,Southampton
28,2025-02-22,15:00,Premier League,Matchweek 26,Sat,Home,,,,Brighton,,,,,,,,,Head-to-Head,,Southampton
29,2025-02-26,19:45,Premier League,Matchweek 27,Wed,Away,,,,Chelsea,,,,,,,,,Head-to-Head,,Southampton
30,2025-03-08,15:00,Premier League,Matchweek 28,Sat,Away,,,,Liverpool,,,,,,,,,Head-to-Head,,Southampton
31,2025-03-15,15:00,Premier League,Matchweek 29,Sat,Home,,,,Wolves,,,,,,,,,Head-to-Head,,Southampton
32,2025-04-02,19:45,Premier League,Matchweek 30,Wed,Home,,,,Crystal Palace,,,,,,,,,Head-to-Head,,Southampton
33,2025-04-05,15:00,Premier League,Matchweek 31,Sat,Away,,,,Tottenham,,,,,,,,,Head-to-Head,,Southampton
34,2025-04-12,15:00,Premier League,Matchweek 32,Sat,Home,,,,Aston Villa,,,,,,,,,Head-to-Head,,Southampton
35,2025-04-19,15:00,Premier League,Matchweek 33,Sat,Away,,,,West Ham,,,,,,,,,Head-to-Head,,Southampton
36,2025-04-26,15:00,Premier League,Matchweek 34,Sat,Home,,,,Fulham,,,,,,,,,Head-to-Head,,Southampton
37,2025-05-03,15:00,Premier League,Matchweek 35,Sat,Away,,,,Leicester City,,,,,,,,,Head-to-Head,,Southampton
38,2025-05-10,15:00,Premier League,Matchweek 36,Sat,Home,,,,Manchester City,,,,,,,,,Head-to-Head,,Southampton
39,2025-05-18,15:00,Premier League,Matchweek 37,Sun,Away,,,,Everton,,,,,,,,,Head-to-Head,,Southampton
40,2025-05-25,16:00,Premier League,Matchweek 38,Sun,Home,,,,Arsenal,,,,,,,,,Head-to-Head,,Southampton
0,2024-08-17,15:00,Premier League,Matchweek 1,Sat,Away,L,0.0,2.0,Arsenal,0.5,1.2,47.0,60261.0,Mario Lemina,4-2-3-1,4-3-3,Jarred Gillett,Match Report,,Wolverhampton Wanderers
1,2024-08-25,14:00,Premier League,Matchweek 2,Sun,Home,L,2.0,6.0,Chelsea,1.9,1.6,40.0,31235.0,Mario Lemina,4-2-3-1,4-2-3-1,Darren England,Match Report,,Wolverhampton Wanderers
3,2024-08-31,15:00,Premier League,Matchweek 3,Sat,Away,D,1.0,1.0,Nott'ham Forest,0.7,1.0,48.0,29918.0,Mario Lemina,4-4-1-1,4-2-3-1,Simon Hooper,Match Report,,Wolverhampton Wanderers
4,2024-09-15,16:30,Premier League,Matchweek 4,Sun,Home,L,1.0,2.0,Newcastle Utd,1.2,1.5,49.0,30255.0,Mario Lemina,4-4-1-1,4-3-3,Chris Kavanagh,Match Report,,Wolverhampton Wanderers
6,2024-09-21,15:00,Premier League,Matchweek 5,Sat,Away,L,1.0,3.0,Aston Villa,0.5,1.7,47.0,39978.0,Mario Lemina,4-1-4-1,4-2-3-1,Tim Robinson,Match Report,,Wolverhampton Wanderers
7,2024-09-28,17:30,Premier League,Matchweek 6,Sat,Home,L,1.0,2.0,Liverpool,0.6,2.5,45.0,31413.0,Mario Lemina,4-1-4-1,4-2-3-1,Anthony Taylor,Match Report,,Wolverhampton Wanderers
8,2024-10-05,15:00,Premier League,Matchweek 7,Sat,Away,L,3.0,5.0,Brentford,1.0,4.2,56.0,16960.0,Mario Lemina,4-1-4-1,4-2-3-1,Andy Madley,Match Report,,Wolverhampton Wanderers
9,2024-10-20,14:00,Premier League,Matchweek 8,Sun,Home,L,1.0,2.0,Manchester City,0.8,1.6,23.0,31319.0,Mario Lemina,3-5-2,4-1-4-1,Chris Kavanagh,Match Report,,Wolverhampton Wanderers
10,2024-10-26,15:00,Premier League,Matchweek 9,Sat,Away,,,,Brighton,,,,,,,,,Head-to-Head,,Wolverhampton Wanderers
11,2024-11-02,17:30,Premier League,Matchweek 10,Sat,Home,,,,Crystal Palace,,,,,,,,,Head-to-Head,,Wolverhampton Wanderers
12,2024-11-09,15:00,Premier League,Matchweek 11,Sat,Home,,,,Southampton,,,,,,,,,Head-to-Head,,Wolverhampton Wanderers
13,2024-11-23,15:00,Premier League,Matchweek 12,Sat,Away,,,,Fulham,,,,,,,,,Head-to-Head,,Wolverhampton Wanderers
14,2024-11-30,15:00,Premier League,Matchweek 13,Sat,Home,,,,Bournemouth,,,,,,,,,Head-to-Head,,Wolverhampton Wanderers
15,2024-12-04,19:30,Premier League,Matchweek 14,Wed,Away,,,,Everton,,,,,,,,,Head-to-Head,,Wolverhampton Wanderers
16,2024-12-09,20:00,Premier League,Matchweek 15,Mon,Away,,,,West Ham,,,,,,,,,Head-to-Head,,Wolverhampton Wanderers
17,2024-12-14,15:00,Premier League,Matchweek 16,Sat,Home,,,,Ipswich Town,,,,,,,,,Head-to-Head,,Wolverhampton Wanderers
18,2024-12-22,14:00,Premier League,Matchweek 17,Sun,Away,,,,Leicester City,,,,,,,,,Head-to-Head,,Wolverhampton Wanderers
19,2024-12-26,17:30,Premier League,Matchweek 18,Thu,Home,,,,Manchester Utd,,,,,,,,,Head-to-Head,,Wolverhampton Wanderers
20,2024-12-29,15:00,Premier League,Matchweek 19,Sun,Away,,,,Tottenham,,,,,,,,,Head-to-Head,,Wolverhampton Wanderers
21,2025-01-06,20:00,Premier League,Matchweek 20,Mon,Home,,,,Nott'ham Forest,,,,,,,,,Head-to-Head,,Wolverhampton Wanderers
22,2025-01-15,19:30,Premier League,Matchweek 21,Wed,Away,,,,Newcastle Utd,,,,,,,,,Head-to-Head,,Wolverhampton Wanderers
23,2025-01-20,20:00,Premier League,Matchweek 22,Mon,Away,,,,Chelsea,,,,,,,,,Head-to-Head,,Wolverhampton Wanderers
24,2025-01-25,15:00,Premier League,Matchweek 23,Sat,Home,,,,Arsenal,,,,,,,,,Head-to-Head,,Wolverhampton Wanderers
25,2025-02-01,15:00,Premier League,Matchweek 24,Sat,Home,,,,Aston Villa,,,,,,,,,Head-to-Head,,Wolverhampton Wanderers
26,2025-02-15,15:00,Premier League,Matchweek 25,Sat,Away,,,,Liverpool,,,,,,,,,Head-to-Head,,Wolverhampton Wanderers
27,2025-02-22,15:00,Premier League,Matchweek 26,Sat,Away,,,,Bournemouth,,,,,,,,,Head-to-Head,,Wolverhampton Wanderers
28,2025-02-25,19:45,Premier League,Matchweek 27,Tue,Home,,,,Fulham,,,,,,,,,Head-to-Head,,Wolverhampton Wanderers
29,2025-03-08,15:00,Premier League,Matchweek 28,Sat,Home,,,,Everton,,,,,,,,,Head-to-Head,,Wolverhampton Wanderers
30,2025-03-15,15:00,Premier League,Matchweek 29,Sat,Away,,,,Southampton,,,,,,,,,Head-to-Head,,Wolverhampton Wanderers
31,2025-04-01,19:45,Premier League,Matchweek 30,Tue,Home,,,,West Ham,,,,,,,,,Head-to-Head,,Wolverhampton Wanderers
32,2025-04-05,15:00,Premier League,Matchweek 31,Sat,Away,,,,Ipswich Town,,,,,,,,,Head-to-Head,,Wolverhampton Wanderers
33,2025-04-12,15:00,Premier League,Matchweek 32,Sat,Home,,,,Tottenham,,,,,,,,,Head-to-Head,,Wolverhampton Wanderers
34,2025-04-19,15:00,Premier League,Matchweek 33,Sat,Away,,,,Manchester Utd,,,,,,,,,Head-to-Head,,Wolverhampton Wanderers
35,2025-04-26,15:00,Premier League,Matchweek 34,Sat,Home,,,,Leicester City,,,,,,,,,Head-to-Head,,Wolverhampton Wanderers
36,2025-05-03,15:00,Premier League,Matchweek 35,Sat,Away,,,,Manchester City,,,,,,,,,Head-to-Head,,Wolverhampton Wanderers
37,2025-05-10,15:00,Premier League,Matchweek 36,Sat,Home,,,,Brighton,,,,,,,,,Head-to-Head,,Wolverhampton Wanderers
38,2025-05-18,15:00,Premier League,Matchweek 37,Sun,Away,,,,Crystal Palace,,,,,,,,,Head-to-Head,,Wolverhampton Wanderers
39,2025-05-25,16:00,Premier League,Matchweek 38,Sun,Home,,,,Brentford,,,,,,,,,Head-to-Head,,Wolverhampton Wanderers
